[
{
    "fields": {
        "updated": "2014-07-09T14:49:24.855Z",
        "added": "2014-07-05T22:38:58.801Z",
        "application_blob": "{\"test\":321,\"version\":\"2.7.8\",\"language\":\"python\",\"year\":2014}",
        "description": "This will open the Python tutorial",
        "title": "open the python tutorial",
        "image": "",
        "instructions_list": [
            {"image":"", "description":"One"},
            {"image":"", "description":"Two"},
            {"image":"", "description":"Three"},
            {"image":"", "description":"Four"},
            {"image":"", "description":"Five"},
            {"image":"", "description":"Six"},
            {"image":"", "description":"Seven"}
        ],
        "lesson": 1,
        "order": 0
    },
    "model": "api.step",
    "pk": 1
},
{
    "fields": {
        "updated": "2014-07-09T14:49:24.854Z",
        "added": "2014-07-07T07:49:23.474Z",
        "application_blob": "{}",
        "description": "This will set us on the right track to print our first ever program",
        "title": "Type in: print \"Hello World\"",
        "image": "",
        "instructions_list": [
            {"image":"", "description":"One"}
        ],
        "lesson": 1,
        "order": 1
    },
    "model": "api.step",
    "pk": 3
},
{
    "fields": {
        "updated": "2014-07-09T14:49:24.852Z",
        "added": "2014-07-07T07:50:39.078Z",
        "application_blob": "{}",
        "description": "asd",
        "title": "asd",
        "image": "",
        "lesson": 1,
        "order": 2
    },
    "model": "api.step",
    "pk": 4
},
{
    "fields": {
        "updated": "2014-07-09T14:49:24.851Z",
        "added": "2014-07-07T07:52:28.193Z",
        "application_blob": "{}",
        "description": "asd",
        "title": "asd",
        "image": "",
        "lesson": 1,
        "order": 3
    },
    "model": "api.step",
    "pk": 5
},
{
    "fields": {
        "updated": "2014-07-09T14:49:24.850Z",
        "added": "2014-07-07T07:57:27.456Z",
        "application_blob": "{}",
        "description": "asd",
        "title": "asd",
        "image": "",
        "lesson": 1,
        "order": 4
    },
    "model": "api.step",
    "pk": 6
},
{
    "fields": {
        "updated": "2014-07-09T14:49:24.848Z",
        "added": "2014-07-07T07:58:52.537Z",
        "application_blob": "{}",
        "description": "test",
        "title": "test",
        "image": "",
        
        "instructions_list": [
            {"image":"", "description":"One"},
            {"image":"", "description":"Two"},
            {"image":"", "description":"Three"}
        ],
        "lesson": 1,
        "order": 5
    },
    "model": "api.step",
    "pk": 7
},
{
    "fields": {
        "updated": "2014-07-09T14:49:24.846Z",
        "added": "2014-07-07T08:08:24.764Z",
        "application_blob": "{}",
        "description": "",
        "title": "test10",
        "image": "",
        
        "instructions_list": [
            {"image":"", "description":"One"},
            {"image":"", "description":"Two"},
            {"image":"", "description":"Three"}
        ],
        "lesson": 1,
        "order": 6
    },
    "model": "api.step",
    "pk": 8
},
{
    "fields": {
        "updated": "2014-07-09T14:49:24.858Z",
        "added": "2014-07-07T08:09:33.487Z",
        "application_blob": "{}",
        "description": "",
        "title": "test11",
        "image": "",
        
        "lesson": 1,
        "order": 7
    },
    "model": "api.step",
    "pk": 9
},
{
    "fields": {
        "updated": "2014-07-09T14:49:24.840Z",
        "added": "2014-07-07T08:17:14.106Z",
        "application_blob": "{}",
        "description": "",
        "title": "14",
        "image": "",
        
        "instructions_list": [
            {"image":"", "description":"One"},
            {"image":"", "description":"Two"},
            {"image":"", "description":"Three"},
            {"image":"", "description":"Four"},
            {"image":"", "description":"Five"},
            {"image":"", "description":"Six"}
        ],
        "lesson": 1,
        "order": 8
    },
    "model": "api.step",
    "pk": 15
},
{
    "fields": {
        "updated": "2014-07-09T14:49:24.829Z",
        "added": "2014-07-07T08:19:17.312Z",
        "application_blob": "{}",
        "description": "",
        "title": "16",
        "image": "",
        
        "instructions_list": [
            {"image":"", "description":"One"},
            {"image":"", "description":"Two"},
            {"image":"", "description":"Three"},
            {"image":"", "description":"Four"},
            {"image":"", "description":"Five"},
            {"image":"", "description":"Six"}
        ],
        "lesson": 1,
        "order": 9
    },
    "model": "api.step",
    "pk": 16
},
{
    "fields": {
        "updated": "2014-07-09T14:49:24.844Z",
        "added": "2014-07-07T12:17:20.872Z",
        "application_blob": "{}",
        "description": "",
        "title": "sta",
        "image": "",
        
        "lesson": 1,
        "order": 10
    },
    "model": "api.step",
    "pk": 19
},
{
    "fields": {
        "updated": "2014-07-08T13:59:07.472Z",
        "added": "2014-07-08T13:59:07.453Z",
        "application_blob": "{}",
        "description": "",
        "title": "Test 0",
        "image": "",
        
        "lesson": 1,
        "order": 11
    },
    "model": "api.step",
    "pk": 20
},
{
    "fields": {
        "updated": "2014-07-09T14:49:24.855Z",
        "added": "2014-07-05T22:38:58.801Z",
        "application_blob": "{\"test\":321,\"version\":\"2.7.8\",\"language\":\"python\",\"year\":2014}",
        "description": "This will open the Python tutorial",
        "title": "open the python tutorial",
        "image": "",
        "instructions_list": [
            {"image":"", "description":"One"},
            {"image":"", "description":"Two"},
            {"image":"", "description":"Three"},
            {"image":"", "description":"Four"},
            {"image":"", "description":"Five"},
            {"image":"", "description":"Six"},
            {"image":"", "description":"Seven"}
        ],
        "lesson": 41,
        "order": 0
    },
    "model": "api.step",
    "pk": 21
},
{
    "fields": {
        "updated": "2014-07-09T14:49:24.854Z",
        "added": "2014-07-07T07:49:23.474Z",
        "application_blob": "{}",
        "description": "This will set us on the right track to print our first ever program",
        "title": "Type in: print \"Hello World\"",
        "image": "",
        "instructions_list": [
            {"image":"", "description":"One"}
        ],
        "lesson": 41,
        "order": 1
    },
    "model": "api.step",
    "pk": 22
},
{
    "fields": {
        "updated": "2014-07-09T14:49:24.852Z",
        "added": "2014-07-07T07:50:39.078Z",
        "application_blob": "{}",
        "description": "asd",
        "title": "asd",
        "image": "",
        
        "lesson": 41,
        "order": 2
    },
    "model": "api.step",
    "pk": 23
},
{
    "fields": {
        "updated": "2014-07-09T14:49:24.851Z",
        "added": "2014-07-07T07:52:28.193Z",
        "application_blob": "{}",
        "description": "asd",
        "title": "asd",
        "image": "",
        
        "lesson": 41,
        "order": 3
    },
    "model": "api.step",
    "pk": 24
},
{
    "fields": {
        "updated": "2014-07-09T14:49:24.850Z",
        "added": "2014-07-07T07:57:27.456Z",
        "application_blob": "{}",
        "description": "asd",
        "title": "asd",
        "image": "",
        
        "lesson": 41,
        "order": 4
    },
    "model": "api.step",
    "pk": 25
},
{
    "fields": {
        "updated": "2014-07-09T14:49:24.848Z",
        "added": "2014-07-07T07:58:52.537Z",
        "application_blob": "{}",
        "description": "test",
        "title": "test",
        "image": "",
        
        "instructions_list": [
            {"image":"", "description":"One"},
            {"image":"", "description":"Two"},
            {"image":"", "description":"Three"}
        ],
        "lesson": 41,
        "order": 5
    },
    "model": "api.step",
    "pk": 26
},
{
    "fields": {
        "updated": "2014-07-09T14:49:24.846Z",
        "added": "2014-07-07T08:08:24.764Z",
        "application_blob": "{}",
        "description": "",
        "title": "test10",
        "image": "",
        
        "instructions_list": [
            {"image":"", "description":"One"},
            {"image":"", "description":"Two"},
            {"image":"", "description":"Three"}
        ],
        "lesson": 41,
        "order": 6
    },
    "model": "api.step",
    "pk": 27
},
{
    "fields": {
        "updated": "2014-07-09T14:49:24.858Z",
        "added": "2014-07-07T08:09:33.487Z",
        "application_blob": "{}",
        "description": "",
        "title": "test11",
        "image": "",
        
        "lesson": 41,
        "order": 7
    },
    "model": "api.step",
    "pk": 28
},
{
    "fields": {
        "updated": "2014-07-09T14:49:24.840Z",
        "added": "2014-07-07T08:17:14.106Z",
        "application_blob": "{}",
        "description": "",
        "title": "14",
        "image": "",
        
        "instructions_list": [
            {"image":"", "description":"One"},
            {"image":"", "description":"Two"},
            {"image":"", "description":"Three"},
            {"image":"", "description":"Four"},
            {"image":"", "description":"Five"},
            {"image":"", "description":"Six"}
        ],
        "lesson": 41,
        "order": 8
    },
    "model": "api.step",
    "pk": 29
},
{
    "fields": {
        "updated": "2014-07-09T14:49:24.829Z",
        "added": "2014-07-07T08:19:17.312Z",
        "application_blob": "{}",
        "description": "",
        "title": "16",
        "image": "",
        
        "instructions_list": [
            {"image":"", "description":"One"},
            {"image":"", "description":"Two"},
            {"image":"", "description":"Three"}
        ],
        "lesson": 41,
        "order": 9
    },
    "model": "api.step",
    "pk": 30
},
{
    "fields": {
        "updated": "2014-07-09T14:49:24.844Z",
        "added": "2014-07-07T12:17:20.872Z",
        "application_blob": "{}",
        "description": "",
        "title": "sta",
        "image": "",
        
        "lesson": 41,
        "order": 10
    },
    "model": "api.step",
    "pk": 31
},
{
    "fields": {
        "updated": "2014-07-08T13:59:07.472Z",
        "added": "2014-07-08T13:59:07.453Z",
        "application_blob": "{}",
        "description": "",
        "title": "Test 0",
        "image": "",
        
        "instructions_list": [
            {"image":"", "description":"One"}
        ],
        "lesson": 41,
        "order": 11
    },
    "model": "api.step",
    "pk": 32
},
{
    "fields": {
        "updated": "2014-07-09T14:49:24.855Z",
        "added": "2014-07-05T22:38:58.801Z",
        "application_blob": "{\"test\":321,\"version\":\"2.7.8\",\"language\":\"python\",\"year\":2014}",
        "description": "This will open the Python tutorial",
        "title": "open the python tutorial",
        "image": "",
        "instructions_list": [
            {"image":"", "description":"One"},
            {"image":"", "description":"Two"},
            {"image":"", "description":"Three"},
            {"image":"", "description":"Four"},
            {"image":"", "description":"Five"},
            {"image":"", "description":"Six"},
            {"image":"", "description":"Seven"}
        ],
        "lesson": 42,
        "order": 0
    },
    "model": "api.step",
    "pk": 33
},
{
    "fields": {
        "updated": "2014-07-09T14:49:24.854Z",
        "added": "2014-07-07T07:49:23.474Z",
        "application_blob": "{}",
        "description": "This will set us on the right track to print our first ever program",
        "title": "Type in: print \"Hello World\"",
        "image": "",
        "instructions_list": [
            {"image":"", "description":"One"}
        ],
        "lesson": 42,
        "order": 1
    },
    "model": "api.step",
    "pk": 34
},
{
    "fields": {
        "updated": "2014-07-09T14:49:24.852Z",
        "added": "2014-07-07T07:50:39.078Z",
        "application_blob": "{}",
        "description": "asd",
        "title": "asd",
        "image": "",
        
        "lesson": 42,
        "order": 2
    },
    "model": "api.step",
    "pk": 35
},
{
    "fields": {
        "updated": "2014-07-09T14:49:24.851Z",
        "added": "2014-07-07T07:52:28.193Z",
        "application_blob": "{}",
        "description": "asd",
        "title": "asd",
        "image": "",
        
        "lesson": 42,
        "order": 3
    },
    "model": "api.step",
    "pk": 36
},
{
    "fields": {
        "updated": "2014-07-09T14:49:24.850Z",
        "added": "2014-07-07T07:57:27.456Z",
        "application_blob": "{}",
        "description": "asd",
        "title": "asd",
        "image": "",
        
        "lesson": 42,
        "order": 4
    },
    "model": "api.step",
    "pk": 37
},
{
    "fields": {
        "updated": "2014-07-09T14:49:24.848Z",
        "added": "2014-07-07T07:58:52.537Z",
        "application_blob": "{}",
        "description": "test",
        "title": "test",
        "image": "",
        
        "instructions_list": [
            {"image":"", "description":"One"},
            {"image":"", "description":"Two"},
            {"image":"", "description":"Three"}
        ],
        "lesson": 42,
        "order": 5
    },
    "model": "api.step",
    "pk": 38
},
{
    "fields": {
        "updated": "2014-07-09T14:49:24.846Z",
        "added": "2014-07-07T08:08:24.764Z",
        "application_blob": "{}",
        "description": "",
        "title": "test10",
        "image": "",
        
        "instructions_list": [
            {"image":"", "description":"One"},
            {"image":"", "description":"Two"},
            {"image":"", "description":"Three"}
        ],
        "lesson": 42,
        "order": 6
    },
    "model": "api.step",
    "pk": 39
},
{
    "fields": {
        "updated": "2014-07-09T14:49:24.858Z",
        "added": "2014-07-07T08:09:33.487Z",
        "application_blob": "{}",
        "description": "",
        "title": "test11",
        "image": "",
        
        "lesson": 42,
        "order": 7
    },
    "model": "api.step",
    "pk": 40
},
{
    "fields": {
        "updated": "2014-07-09T14:49:24.840Z",
        "added": "2014-07-07T08:17:14.106Z",
        "application_blob": "{}",
        "description": "",
        "title": "14",
        "image": "",
        
        "instructions_list": [
            {"image":"", "description":"One"},
            {"image":"", "description":"Two"},
            {"image":"", "description":"Three"},
            {"image":"", "description":"Four"},
            {"image":"", "description":"Five"},
            {"image":"", "description":"Six"}
        ],
        "lesson": 42,
        "order": 8
    },
    "model": "api.step",
    "pk": 41
},
{
    "fields": {
        "updated": "2014-07-09T14:49:24.829Z",
        "added": "2014-07-07T08:19:17.312Z",
        "application_blob": "{}",
        "description": "",
        "title": "16",
        "image": "",
        
        "instructions_list": [
            {"image":"", "description":"One"},
            {"image":"", "description":"Two"},
            {"image":"", "description":"Three"}
        ],
        "lesson": 42,
        "order": 9
    },
    "model": "api.step",
    "pk": 42
},
{
    "fields": {
        "updated": "2014-07-09T14:49:24.844Z",
        "added": "2014-07-07T12:17:20.872Z",
        "application_blob": "{}",
        "description": "",
        "title": "sta",
        "image": "",
        
        "lesson": 42,
        "order": 10
    },
    "model": "api.step",
    "pk": 43
},
{
    "fields": {
        "updated": "2014-07-08T13:59:07.472Z",
        "added": "2014-07-08T13:59:07.453Z",
        "application_blob": "{}",
        "description": "",
        "title": "Test 0",
        "image": "",
        
        "instructions_list": [
            {"image":"", "description":"One"}
        ],
        "lesson": 42,
        "order": 11
    },
    "model": "api.step",
    "pk": 44
},
{
    "fields": {
        "updated": "2014-07-09T14:49:24.855Z",
        "added": "2014-07-05T22:38:58.801Z",
        "application_blob": "{\"test\":321,\"version\":\"2.7.8\",\"language\":\"python\",\"year\":2014}",
        "description": "This will open the Python tutorial",
        "title": "open the python tutorial",
        "image": "",
        "instructions_list": [
            {"image":"", "description":"One"},
            {"image":"", "description":"Two"},
            {"image":"", "description":"Three"},
            {"image":"", "description":"Four"},
            {"image":"", "description":"Five"},
            {"image":"", "description":"Six"},
            {"image":"", "description":"Seven"}
        ],
        "lesson": 45,
        "order": 0
    },
    "model": "api.step",
    "pk": 45
},
{
    "fields": {
        "updated": "2014-07-09T14:49:24.854Z",
        "added": "2014-07-07T07:49:23.474Z",
        "application_blob": "{}",
        "description": "This will set us on the right track to print our first ever program",
        "title": "Type in: print \"Hello World\"",
        "image": "",
        "instructions_list": [
            {"image":"", "description":"One"}
        ],
        "lesson": 45,
        "order": 1
    },
    "model": "api.step",
    "pk": 46
},
{
    "fields": {
        "updated": "2014-07-09T14:49:24.852Z",
        "added": "2014-07-07T07:50:39.078Z",
        "application_blob": "{}",
        "description": "asd",
        "title": "asd",
        "image": "",
        
        "lesson": 45,
        "order": 2
    },
    "model": "api.step",
    "pk": 47
},
{
    "fields": {
        "updated": "2014-07-09T14:49:24.851Z",
        "added": "2014-07-07T07:52:28.193Z",
        "application_blob": "{}",
        "description": "asd",
        "title": "asd",
        "image": "",
        
        "lesson": 45,
        "order": 3
    },
    "model": "api.step",
    "pk": 48
},
{
    "fields": {
        "updated": "2014-07-09T14:49:24.850Z",
        "added": "2014-07-07T07:57:27.456Z",
        "application_blob": "{}",
        "description": "asd",
        "title": "asd",
        "image": "",
        
        "lesson": 45,
        "order": 4
    },
    "model": "api.step",
    "pk": 49
},
{
    "fields": {
        "updated": "2014-07-09T14:49:24.848Z",
        "added": "2014-07-07T07:58:52.537Z",
        "application_blob": "{}",
        "description": "test",
        "title": "test",
        "image": "",
        
        "instructions_list": [
            {"image":"", "description":"One"},
            {"image":"", "description":"Two"},
            {"image":"", "description":"Three"}
        ],
        "lesson": 45,
        "order": 5
    },
    "model": "api.step",
    "pk": 50
},
{
    "fields": {
        "updated": "2014-07-09T14:49:24.846Z",
        "added": "2014-07-07T08:08:24.764Z",
        "application_blob": "{}",
        "description": "",
        "title": "test10",
        "image": "",
        
        "instructions_list": [
            {"image":"", "description":"One"},
            {"image":"", "description":"Two"},
            {"image":"", "description":"Three"}
        ],
        "lesson": 45,
        "order": 6
    },
    "model": "api.step",
    "pk": 51
},
{
    "fields": {
        "updated": "2014-07-09T14:49:24.858Z",
        "added": "2014-07-07T08:09:33.487Z",
        "application_blob": "{}",
        "description": "",
        "title": "test11",
        "image": "",
        
        "lesson": 45,
        "order": 7
    },
    "model": "api.step",
    "pk": 52
},
{
    "fields": {
        "updated": "2014-07-09T14:49:24.840Z",
        "added": "2014-07-07T08:17:14.106Z",
        "application_blob": "{}",
        "description": "",
        "title": "14",
        "image": "",
        
        "instructions_list": [
            {"image":"", "description":"One"},
            {"image":"", "description":"Two"},
            {"image":"", "description":"Three"},
            {"image":"", "description":"Four"},
            {"image":"", "description":"Five"},
            {"image":"", "description":"Six"}
        ],
        "lesson": 45,
        "order": 8
    },
    "model": "api.step",
    "pk": 53
},
{
    "fields": {
        "updated": "2014-07-09T14:49:24.829Z",
        "added": "2014-07-07T08:19:17.312Z",
        "application_blob": "{}",
        "description": "",
        "title": "16",
        "image": "",
        
        "instructions_list": [
            {"image":"", "description":"One"}
        ],
        "lesson": 45,
        "order": 9
    },
    "model": "api.step",
    "pk": 54
},
{
    "fields": {
        "updated": "2014-07-09T14:49:24.844Z",
        "added": "2014-07-07T12:17:20.872Z",
        "application_blob": "{}",
        "description": "",
        "title": "sta",
        "image": "",
        
        "lesson": 45,
        "order": 10
    },
    "model": "api.step",
    "pk": 55
},
{
    "fields": {
        "updated": "2014-07-08T13:59:07.472Z",
        "added": "2014-07-08T13:59:07.453Z",
        "application_blob": "{}",
        "description": "",
        "title": "Test 0",
        "image": "",
        
        "instructions_list": [
            {"image":"", "description":"One"}
        ],
        "lesson": 45,
        "order": 11
    },
    "model": "api.step",
    "pk": 56
},
{
    "fields": {
        "updated": "2014-07-09T14:49:24.855Z",
        "added": "2014-07-05T22:38:58.801Z",
        "application_blob": "{\"test\":321,\"version\":\"2.7.8\",\"language\":\"python\",\"year\":2014}",
        "description": "This will open the Python tutorial",
        "title": "open the python tutorial",
        "image": "",
        "instructions_list": [
            {"image":"", "description":"One"},
            {"image":"", "description":"Two"},
            {"image":"", "description":"Three"},
            {"image":"", "description":"Four"},
            {"image":"", "description":"Five"},
            {"image":"", "description":"Six"},
            {"image":"", "description":"Seven"}
        ],
        "lesson": 49,
        "order": 0
    },
    "model": "api.step",
    "pk": 57
},
{
    "fields": {
        "updated": "2014-07-09T14:49:24.854Z",
        "added": "2014-07-07T07:49:23.474Z",
        "application_blob": "{}",
        "description": "This will set us on the right track to print our first ever program",
        "title": "Type in: print \"Hello World\"",
        "image": "",
        "lesson": 49,
        "order": 1
    },
    "model": "api.step",
    "pk": 58
},
{
    "fields": {
        "updated": "2014-07-09T14:49:24.852Z",
        "added": "2014-07-07T07:50:39.078Z",
        "application_blob": "{}",
        "description": "asd",
        "title": "asd",
        "image": "",
        
        "lesson": 49,
        "order": 2
    },
    "model": "api.step",
    "pk": 59
},
{
    "fields": {
        "updated": "2014-07-09T14:49:24.851Z",
        "added": "2014-07-07T07:52:28.193Z",
        "application_blob": "{}",
        "description": "asd",
        "title": "asd",
        "image": "",
        
        "lesson": 49,
        "order": 3
    },
    "model": "api.step",
    "pk": 60
},
{
    "fields": {
        "updated": "2014-07-09T14:49:24.850Z",
        "added": "2014-07-07T07:57:27.456Z",
        "application_blob": "{}",
        "description": "asd",
        "title": "asd",
        "image": "",
        
        "lesson": 49,
        "order": 4
    },
    "model": "api.step",
    "pk": 61
},
{
    "fields": {
        "updated": "2014-07-09T14:49:24.848Z",
        "added": "2014-07-07T07:58:52.537Z",
        "application_blob": "{}",
        "description": "test",
        "title": "test",
        "image": "",
        
        "instructions_list": [
            {"image":"", "description":"One"},
            {"image":"", "description":"Two"},
            {"image":"", "description":"Three"}
        ],
        "lesson": 49,
        "order": 5
    },
    "model": "api.step",
    "pk": 62
},
{
    "fields": {
        "updated": "2014-07-09T14:49:24.846Z",
        "added": "2014-07-07T08:08:24.764Z",
        "application_blob": "{}",
        "description": "",
        "title": "test10",
        "image": "",
        
        "instructions_list": [
            {"image":"", "description":"One"},
            {"image":"", "description":"Two"},
            {"image":"", "description":"Three"}
        ],
        "lesson": 49,
        "order": 6
    },
    "model": "api.step",
    "pk": 63
},
{
    "fields": {
        "updated": "2014-07-09T14:49:24.858Z",
        "added": "2014-07-07T08:09:33.487Z",
        "application_blob": "{}",
        "description": "",
        "title": "test11",
        "image": "",
        
        "lesson": 49,
        "order": 7
    },
    "model": "api.step",
    "pk": 64
},
{
    "fields": {
        "updated": "2014-07-09T14:49:24.840Z",
        "added": "2014-07-07T08:17:14.106Z",
        "application_blob": "{}",
        "description": "",
        "title": "14",
        "image": "",
        
        "instructions_list": [
            {"image":"", "description":"One"},
            {"image":"", "description":"Two"},
            {"image":"", "description":"Three"},
            {"image":"", "description":"Four"},
            {"image":"", "description":"Five"}
        ],
        "lesson": 49,
        "order": 8
    },
    "model": "api.step",
    "pk": 65
},
{
    "fields": {
        "updated": "2014-07-09T14:49:24.829Z",
        "added": "2014-07-07T08:19:17.312Z",
        "application_blob": "{}",
        "description": "",
        "title": "16",
        "image": "",
        
        "instructions_list": [
            {"image":"", "description":"One"},
            {"image":"", "description":"Two"},
            {"image":"", "description":"Three"}
        ],
        "lesson": 49,
        "order": 9
    },
    "model": "api.step",
    "pk": 66
},
{
    "fields": {
        "updated": "2014-07-09T14:49:24.844Z",
        "added": "2014-07-07T12:17:20.872Z",
        "application_blob": "{}",
        "description": "",
        "title": "sta",
        "image": "",
        
        "lesson": 49,
        "order": 10
    },
    "model": "api.step",
    "pk": 67
},
{
    "fields": {
        "updated": "2014-07-08T13:59:07.472Z",
        "added": "2014-07-08T13:59:07.453Z",
        "application_blob": "{}",
        "description": "",
        "title": "Test 0",
        "image": "",
        
        "instructions_list": [
            {"image":"", "description":"One"}
        ],
        "lesson": 49,
        "order": 11
    },
    "model": "api.step",
    "pk": 68
},
{
    "fields": {
        "updated": "2015-02-16T22:54:50.445Z",
        "added": "2014-07-05T22:38:58.801Z",
        "application_blob": "{\"test\":321,\"version\":\"2.7.8\",\"language\":\"python\",\"year\":2014}",
        "description": "This will open the Python tutorial",
        "title": "open the python tutorial",
        "image": "",
        "instructions_list": [
            {"image":"", "description":"One"},
            {"image":"", "description":"Two"},
            {"image":"", "description":"Three"},
            {"image":"", "description":"Four"},
            {"image":"", "description":"Five"},
            {"image":"", "description":"Six"},
            {"image":"", "description":"Seven"}
        ],
        "lesson": 55,
        "order": 0
    },
    "model": "api.step",
    "pk": 70
},
{
    "fields": {
        "updated": "2015-02-16T22:54:50.492Z",
        "added": "2014-07-07T07:49:23.474Z",
        "application_blob": "{}",
        "description": "This will set us on the right track to print our first ever program",
        "title": "Type in: print \"Hello World\"",
        "image": "",
        "instructions_list": [
            {"image":"", "description":"One"}
        ],
        "lesson": 55,
        "order": 1
    },
    "model": "api.step",
    "pk": 71
},
{
    "fields": {
        "updated": "2015-02-16T22:54:50.501Z",
        "added": "2014-07-07T07:50:39.078Z",
        "application_blob": "{}",
        "description": "asd",
        "title": "asd",
        "image": "",
        
        "lesson": 55,
        "order": 2
    },
    "model": "api.step",
    "pk": 72
},
{
    "fields": {
        "updated": "2015-02-16T22:54:50.505Z",
        "added": "2014-07-07T07:52:28.193Z",
        "application_blob": "{}",
        "description": "asd",
        "title": "asd",
        "image": "",
        
        "lesson": 55,
        "order": 3
    },
    "model": "api.step",
    "pk": 73
},
{
    "fields": {
        "updated": "2015-02-16T22:54:50.508Z",
        "added": "2014-07-07T07:57:27.456Z",
        "application_blob": "{}",
        "description": "asd",
        "title": "asd",
        "image": "",
        
        "lesson": 55,
        "order": 4
    },
    "model": "api.step",
    "pk": 74
},
{
    "fields": {
        "updated": "2015-02-16T22:54:50.512Z",
        "added": "2014-07-07T07:58:52.537Z",
        "application_blob": "{}",
        "description": "test",
        "title": "test",
        "image": "",
        
        "instructions_list": [
            {"image":"", "description":"One"},
            {"image":"", "description":"Two"},
            {"image":"", "description":"Three"}
        ],
        "lesson": 55,
        "order": 5
    },
    "model": "api.step",
    "pk": 75
},
{
    "fields": {
        "updated": "2015-02-16T22:54:50.520Z",
        "added": "2014-07-07T08:08:24.764Z",
        "application_blob": "{}",
        "description": "",
        "title": "test10",
        "image": "",
        
        "instructions_list": [
            {"image":"", "description":"One"},
            {"image":"", "description":"Two"},
            {"image":"", "description":"Three"}
        ],
        "lesson": 55,
        "order": 6
    },
    "model": "api.step",
    "pk": 76
},
{
    "fields": {
        "updated": "2015-02-16T22:54:50.526Z",
        "added": "2014-07-07T08:09:33.487Z",
        "application_blob": "{}",
        "description": "",
        "title": "test11",
        "image": "",
        
        "lesson": 55,
        "order": 7
    },
    "model": "api.step",
    "pk": 77
},
{
    "fields": {
        "updated": "2015-02-16T22:54:50.530Z",
        "added": "2014-07-07T08:17:14.106Z",
        "application_blob": "{}",
        "description": "",
        "title": "14",
        "image": "",
        
        "instructions_list": [
            {"image":"", "description":"One"},
            {"image":"", "description":"Two"},
            {"image":"", "description":"Three"},
            {"image":"", "description":"Four"},
            {"image":"", "description":"Five"},
            {"image":"", "description":"Six"}
        ],
        "lesson": 55,
        "order": 8
    },
    "model": "api.step",
    "pk": 78
},
{
    "fields": {
        "updated": "2015-02-16T22:54:50.540Z",
        "added": "2014-07-07T08:19:17.312Z",
        "application_blob": "{}",
        "description": "",
        "title": "16",
        "image": "",
        
        "instructions_list": [
            {"image":"", "description":"One"},
            {"image":"", "description":"Two"},
            {"image":"", "description":"Three"}
        ],
        "lesson": 55,
        "order": 9
    },
    "model": "api.step",
    "pk": 79
},
{
    "fields": {
        "updated": "2015-02-16T22:54:50.548Z",
        "added": "2014-07-07T12:17:20.872Z",
        "application_blob": "{}",
        "description": "",
        "title": "sta",
        "image": "",
        
        "lesson": 55,
        "order": 10
    },
    "model": "api.step",
    "pk": 80
},
{
    "fields": {
        "updated": "2015-02-16T22:54:50.552Z",
        "added": "2014-07-08T13:59:07.453Z",
        "application_blob": "{}",
        "description": "",
        "title": "Test 0",
        "image": "",
        
        "instructions_list": [
            {"image":"", "description":"One"}
        ],
        "lesson": 55,
        "order": 11
    },
    "model": "api.step",
    "pk": 81
},
{
    "fields": {
        "updated": "2014-07-09T14:49:24.855Z",
        "added": "2014-07-05T22:38:58.801Z",
        "application_blob": "{\"test\":321,\"version\":\"2.7.8\",\"language\":\"python\",\"year\":2014}",
        "description": "This will open the Python tutorial",
        "title": "open the python tutorial",
        "image": "",
        "instructions_list": [
            {"image":"", "description":"One"},
            {"image":"", "description":"Two"},
            {"image":"", "description":"Three"},
            {"image":"", "description":"Four"},
            {"image":"", "description":"Five"},
            {"image":"", "description":"Six"},
            {"image":"", "description":"Seven"}
        ],
        "lesson": 57,
        "order": 0,
        "draft_origin": 21
    },
    "model": "api.step",
    "pk": 82
},
{
    "fields": {
        "updated": "2014-07-09T14:49:24.854Z",
        "added": "2014-07-07T07:49:23.474Z",
        "application_blob": "{}",
        "description": "This will set us on the right track to print our first ever program",
        "title": "Type in: print \"Hello World\"",
        "image": "",
        "instructions_list": [
            {"image":"", "description":"One"}
        ],
        "lesson": 57,
        "order": 1,
        "draft_origin": 22
    },
    "model": "api.step",
    "pk": 83
},
{
    "fields": {
        "updated": "2014-07-09T14:49:24.852Z",
        "added": "2014-07-07T07:50:39.078Z",
        "application_blob": "{}",
        "description": "asd",
        "title": "asd",
        "image": "",

        "lesson": 57,
        "order": 2,
        "draft_origin": 23
    },
    "model": "api.step",
    "pk": 84
},
{
    "fields": {
        "updated": "2014-07-09T14:49:24.851Z",
        "added": "2014-07-07T07:52:28.193Z",
        "application_blob": "{}",
        "description": "asd",
        "title": "asd - Draft Changed!",
        "image": "",

        "lesson": 57,
        "order": 3,
        "draft_origin": 24
    },
    "model": "api.step",
    "pk": 85
},
{
    "fields": {
        "updated": "2014-07-09T14:49:24.850Z",
        "added": "2014-07-07T07:57:27.456Z",
        "application_blob": "{}",
        "description": "asd",
        "title": "asd",
        "image": "",

        "lesson": 57,
        "order": 4,
        "draft_origin": 25
    },
    "model": "api.step",
    "pk": 86
},
{
    "fields": {
        "updated": "2014-07-09T14:49:24.848Z",
        "added": "2014-07-07T07:58:52.537Z",
        "application_blob": "{}",
        "description": "test",
        "title": "test",
        "image": "",

        "instructions_list": [
            {"image":"", "description":"One"},
            {"image":"", "description":"Two"},
            {"image":"", "description":"Three"}
        ],
        "lesson": 57,
        "order": 5,
        "draft_origin": 26
    },
    "model": "api.step",
    "pk": 87
},
{
    "fields": {
        "updated": "2014-07-09T14:49:24.846Z",
        "added": "2014-07-07T08:08:24.764Z",
        "application_blob": "{}",
        "description": "",
        "title": "test10",
        "image": "",

        "instructions_list": [
            {"image":"", "description":"One"},
            {"image":"", "description":"Two"},
            {"image":"", "description":"Three"}
        ],
        "lesson": 57,
        "order": 6,
        "draft_origin": 27
    },
    "model": "api.step",
    "pk": 88
},
{
    "fields": {
        "updated": "2014-07-09T14:49:24.858Z",
        "added": "2014-07-07T08:09:33.487Z",
        "application_blob": "{}",
        "description": "",
        "title": "test11 - Draft Changed!",
        "image": "",

        "lesson": 57,
        "order": 7,
        "draft_origin": 28
    },
    "model": "api.step",
    "pk": 89
},
{
    "fields": {
        "updated": "2014-07-09T14:49:24.840Z",
        "added": "2014-07-07T08:17:14.106Z",
        "application_blob": "{}",
        "description": "",
        "title": "14",
        "image": "",

        "instructions_list": [
            {"image":"", "description":"One"},
            {"image":"", "description":"Two"},
            {"image":"", "description":"Three"},
            {"image":"", "description":"Four"},
            {"image":"", "description":"Five"},
            {"image":"", "description":"Six"}
        ],
        "lesson": 57,
        "order": 8,
        "draft_origin": 29
    },
    "model": "api.step",
    "pk": 90
},
{
    "fields": {
        "updated": "2014-07-09T14:49:24.829Z",
        "added": "2014-07-07T08:19:17.312Z",
        "application_blob": "{}",
        "description": "",
        "title": "16",
        "image": "",

        "instructions_list": [
            {"image":"", "description":"One"},
            {"image":"", "description":"Two"},
            {"image":"", "description":"Three"}
        ],
        "lesson": 57,
        "order": 9,
        "draft_origin": 30
    },
    "model": "api.step",
    "pk": 91
},
{
    "fields": {
        "updated": "2014-07-09T14:49:24.844Z",
        "added": "2014-07-07T12:17:20.872Z",
        "application_blob": "{}",
        "description": "",
        "title": "sta",
        "image": "",

        "lesson": 57,
        "order": 10,
        "draft_origin": 31
    },
    "model": "api.step",
    "pk": 92
},
{
    "fields": {
        "updated": "2014-07-08T13:59:07.472Z",
        "added": "2014-07-08T13:59:07.453Z",
        "application_blob": "{}",
        "description": "",
        "title": "Test 0",
        "image": "",

        "instructions_list": [
            {"image":"", "description":"One"}
        ],
        "lesson": 57,
        "order": 11,
        "draft_origin": 32
    },
    "model": "api.step",
    "pk": 93
},
{
    "fields": {
        "project": 3,
        "classroom": 3,
        "updated": "2014-07-07T23:40:03.178Z",
        "added": "2014-07-07T23:40:03.178Z",
        "order": 0
    },
    "model": "api.projectinclassroom",
    "pk": 5
},
{
    "fields": {
        "project": 1,
        "classroom": 3,
        "updated": "2014-07-07T23:40:03.181Z",
        "added": "2014-07-07T23:40:03.181Z",
        "order": 1
    },
    "model": "api.projectinclassroom",
    "pk": 6
},
{
    "fields": {
        "project": 3,
        "classroom": 1,
        "updated": "2014-07-30T08:35:47.583Z",
        "added": "2014-07-08T08:50:50.022Z",
        "order": 2
    },
    "model": "api.projectinclassroom",
    "pk": 8
},
{
    "fields": {
        "project": 1,
        "classroom": 4,
        "updated": "2014-07-08T21:31:54.347Z",
        "added": "2014-07-08T21:31:51.006Z",
        "order": 1
    },
    "model": "api.projectinclassroom",
    "pk": 10
},
{
    "fields": {
        "project": 3,
        "classroom": 4,
        "updated": "2014-07-08T21:31:54.344Z",
        "added": "2014-07-08T21:31:54.344Z",
        "order": 0
    },
    "model": "api.projectinclassroom",
    "pk": 11
},
{
    "fields": {
        "project": 4,
        "classroom": 1,
        "updated": "2014-07-30T08:35:47.578Z",
        "added": "2014-07-09T12:27:03.813Z",
        "order": 0
    },
    "model": "api.projectinclassroom",
    "pk": 13
},
{
    "fields": {
        "project": 1,
        "classroom": 6,
        "updated": "2014-07-26T00:01:35.665Z",
        "added": "2014-07-26T00:01:35.665Z",
        "order": 0
    },
    "model": "api.projectinclassroom",
    "pk": 15
},
{
    "fields": {
        "project": 3,
        "classroom": 6,
        "updated": "2014-07-26T00:01:35.668Z",
        "added": "2014-07-26T00:01:35.668Z",
        "order": 1
    },
    "model": "api.projectinclassroom",
    "pk": 16
},
{
    "fields": {
        "project": 4,
        "classroom": 6,
        "updated": "2014-07-26T00:01:35.673Z",
        "added": "2014-07-26T00:01:35.673Z",
        "order": 3
    },
    "model": "api.projectinclassroom",
    "pk": 18
},
{
    "fields": {
        "project": 1,
        "classroom": 7,
        "updated": "2014-07-26T00:04:05.207Z",
        "added": "2014-07-26T00:04:05.207Z",
        "order": 0
    },
    "model": "api.projectinclassroom",
    "pk": 19
},
{
    "fields": {
        "project": 3,
        "classroom": 7,
        "updated": "2014-07-26T00:04:05.210Z",
        "added": "2014-07-26T00:04:05.210Z",
        "order": 1
    },
    "model": "api.projectinclassroom",
    "pk": 20
},
{
    "fields": {
        "project": 4,
        "classroom": 7,
        "updated": "2014-07-26T00:04:05.214Z",
        "added": "2014-07-26T00:04:05.214Z",
        "order": 3
    },
    "model": "api.projectinclassroom",
    "pk": 22
},
{
    "fields": {
        "project": 1,
        "classroom": 8,
        "updated": "2014-07-26T00:04:55.872Z",
        "added": "2014-07-26T00:04:55.872Z",
        "order": 0
    },
    "model": "api.projectinclassroom",
    "pk": 23
},
{
    "fields": {
        "project": 3,
        "classroom": 8,
        "updated": "2014-07-26T00:04:55.875Z",
        "added": "2014-07-26T00:04:55.874Z",
        "order": 1
    },
    "model": "api.projectinclassroom",
    "pk": 24
},
{
    "fields": {
        "project": 4,
        "classroom": 8,
        "updated": "2014-07-26T00:04:55.879Z",
        "added": "2014-07-26T00:04:55.879Z",
        "order": 3
    },
    "model": "api.projectinclassroom",
    "pk": 26
},
{
    "fields": {
        "project": 1,
        "classroom": 1,
        "updated": "2014-07-30T08:35:47.581Z",
        "added": "2014-07-28T14:55:36.231Z",
        "order": 1
    },
    "model": "api.projectinclassroom",
    "pk": 29
},
{
    "fields": {
        "project": 2,
        "classroom": 1,
        "updated": "2014-07-30T08:35:47.585Z",
        "added": "2014-07-28T14:56:45.651Z",
        "order": 3
    },
    "model": "api.projectinclassroom",
    "pk": 30
},
{
    "fields": {
        "project": 6,
        "classroom": 1,
        "updated": "2014-07-30T08:35:47.587Z",
        "added": "2014-07-29T23:59:20.399Z",
        "order": 4
    },
    "model": "api.projectinclassroom",
    "pk": 46
},
{
    "fields": {
        "project": 7,
        "classroom": 1,
        "updated": "2014-07-30T08:35:47.589Z",
        "added": "2014-07-29T23:59:20.402Z",
        "order": 5
    },
    "model": "api.projectinclassroom",
    "pk": 47
},
{
    "fields": {
        "project": 18,
        "classroom": 1,
        "updated": "2014-07-30T08:35:47.594Z",
        "added": "2014-07-30T00:22:16.335Z",
        "order": 7
    },
    "model": "api.projectinclassroom",
    "pk": 49
},
{
    "fields": {
        "project": 19,
        "classroom": 1,
        "updated": "2014-07-30T08:35:47.596Z",
        "added": "2014-07-30T08:26:05.723Z",
        "order": 8
    },
    "model": "api.projectinclassroom",
    "pk": 50
},
{
    "fields": {
        "project": 20,
        "classroom": 1,
        "updated": "2014-07-30T08:35:47.598Z",
        "added": "2014-07-30T08:35:47.598Z",
        "order": 9
    },
    "model": "api.projectinclassroom",
    "pk": 51
},
{
    "fields": {
        "updated": "2014-08-13T16:25:47.120Z",
        "added": "2014-08-13T16:23:28.423Z",
        "lesson_state": 4,
        "step": 1,
        "state": ""
    },
    "model": "api.stepstate",
    "pk": 1
},
{
    "fields": {
        "updated": "2014-08-13T16:25:47.120Z",
        "added": "2014-08-13T16:23:28.423Z",
        "lesson_state": 4,
        "step": 3,
        "state": ""
    },
    "model": "api.stepstate",
    "pk": 2
},
{
    "fields": {
        "updated": "2014-08-13T16:25:47.120Z",
        "added": "2014-08-13T16:23:28.423Z",
        "lesson_state": 4,
        "step": 4,
        "state": ""
    },
    "model": "api.stepstate",
    "pk": 3
},
{
    "fields": {
        "name": "123dcircuits",
        "permissions": []
    },
    "model": "auth.group",
    "pk": 1
},
{
    "fields": {
        "name": "tinkercad",
        "permissions": []
    },
    "model": "auth.group",
    "pk": 2
},
{
    "fields": {
        "is_approved": false,
        "updated": "2014-08-13T16:02:40.086Z",
        "added": "2014-08-04T14:46:02.232Z",
        "name": "John Doe",
        "short_name": "John",
        "oxygen_id": "222",
        "is_verified_adult": false,
        "is_child": false,
        "is_active": true,
        "is_superuser": false,
        "is_staff": false,
        "last_login": "2014-08-04T14:46:02.232Z",
        "avatar": "http://placekitten.com/150/150",
        "groups": [],
        "member_id": "ABC123123123",
        "user_permissions": [],
        "password": "",
        "email": "test@purplebit.com",
        "description": ""
    },
    "model": "api.igniteuser",
    "pk": 2
},
{
    "fields": {
        "is_approved": true,
        "updated": "2014-08-13T16:02:40.086Z",
        "added": "2014-08-04T14:46:02.232Z",
        "name": "Jane Doe",
        "short_name": "Jane",
        "oxygen_id": "333",
        "is_verified_adult": false,
        "is_child": true,
        "is_active": true,
        "is_superuser": false,
        "is_staff": false,
        "last_login": "2014-08-04T14:46:02.232Z",
        "avatar": "http://placekitten.com/150/150",
        "groups": [],
        "member_id": "1111111111111",
        "user_permissions": [],
        "password": "",
        "email": "testjane@purplebit.com",
        "description": ""
    },
    "model": "api.igniteuser",
    "pk": 3
},
{
    "fields": {
        "is_approved": false,
        "updated": "2014-08-13T16:25:47.120Z",
        "added": "2014-08-13T16:23:28.423Z",
        "name": "Ofir Ovadia",
        "short_name": "Ofir Ovadia",
        "oxygen_id": "444",
        "is_verified_adult": false,
        "is_child": false,
        "is_active": true,
        "is_superuser": false,
        "is_staff": false,
        "last_login": "2014-08-13T16:23:28.423Z",
        "avatar": "http://beta.squidplatform.com/Images/v23/Member/default_avatar.png",
        "groups": [],
        "member_id": "20707763",
        "user_permissions": [],
        "password": "",
        "email": "ofirov@gmail.com",
        "description": ""
    },
    "model": "api.igniteuser",
    "pk": 4
},
{
    "fields": {
        "is_approved": true,
        "updated": "2014-08-13T16:02:40.086Z",
        "added": "2014-08-04T14:46:02.232Z",
        "name": "Darth Doe",
        "short_name": "DD",
        "oxygen_id": "555",
        "is_verified_adult": false,
        "is_child": true,
        "is_active": true,
        "is_superuser": false,
        "is_staff": false,
        "last_login": "2014-08-04T14:46:02.232Z",
        "avatar": "http://placekitten.com/150/150",
        "groups": [],
        "member_id": "111111222222222",
        "user_permissions": [],
        "password": "",
        "email": "testdd@purplebit.com",
        "description": ""
    },
    "model": "api.igniteuser",
    "pk": 5
},
{
    "fields": {
        "is_approved": false,
        "updated": "2014-08-13T16:02:40.086Z",
        "added": "2014-08-04T14:46:02.232Z",
        "name": "Test User 6",
        "short_name": "T6",
        "oxygen_id": "666",
        "is_verified_adult": false,
        "is_child": false,
        "is_active": true,
        "is_superuser": false,
        "is_staff": false,
        "last_login": "2014-08-04T14:46:02.232Z",
        "avatar": "http://placekitten.com/150/150",
        "groups": [],
        "member_id": "11111122222444",
        "user_permissions": [],
        "password": "",
        "email": "testdd43132@purplebit.com",
        "description": ""
    },
    "model": "api.igniteuser",
    "pk": 6
},
{
    "fields": {
        "is_approved": false,
        "updated": "2014-08-13T16:02:40.086Z",
        "added": "2014-08-04T14:46:02.232Z",
        "name": "Test User 7",
        "short_name": "T7",
        "oxygen_id": "777",
        "is_verified_adult": false,
        "is_child": true,
        "is_active": true,
        "is_superuser": false,
        "is_staff": false,
        "last_login": "2014-08-04T14:46:02.232Z",
        "avatar": "http://placekitten.com/150/150",
        "groups": [],
        "member_id": "11111122222777",
        "user_permissions": [],
        "password": "",
        "email": "testdd777@purplebit.com",
        "description": ""
    },
    "model": "api.igniteuser",
    "pk": 7
},
{
    "fields": {
        "is_approved": false,
        "updated": "2014-08-13T16:02:40.086Z",
        "added": "2014-08-04T14:46:02.232Z",
        "name": "Verified Adult Test User 8",
        "short_name": "T8",
        "oxygen_id": "888",
        "is_verified_adult": true,
        "is_child": false,
        "is_active": true,
        "is_superuser": false,
        "is_staff": false,
        "last_login": "2014-08-04T14:46:02.232Z",
        "avatar": "http://placekitten.com/150/150",
        "groups": [],
        "member_id": "11111122222888",
        "user_permissions": [],
        "password": "",
        "email": "testdd888@purplebit.com",
        "description": ""
    },
    "model": "api.igniteuser",
    "pk": 8
},
{
    "fields": {
        "guardian": 2,
        "updated": "2015-01-21T17:32:57.417Z",
        "added": "2015-01-21T17:32:57.417Z",
        "moderator_type": "parent",
        "child": 3
    },
    "model": "api.childguardian",
    "pk": 1
},
{
    "fields": {
        "guardian": 2,
        "updated": "2015-01-21T17:32:57.417Z",
        "added": "2015-01-21T17:32:57.417Z",
        "moderator_type": "parent",
        "child": 5
    },
    "model": "api.childguardian",
    "pk": 2
},
{
    "fields": {
        "guardian": 4,
        "updated": "2015-01-21T17:32:57.417Z",
        "added": "2015-01-21T17:32:57.417Z",
        "moderator_type": "educator",
        "child": 3
    },
    "model": "api.childguardian",
    "pk": 3
},
{
    "fields": {
        "guardian": 6,
        "updated": "2015-01-21T17:32:57.417Z",
        "added": "2015-01-21T17:32:57.417Z",
        "moderator_type": "educator",
        "child": 3
    },
    "model": "api.childguardian",
    "pk": 4
},
{
    "fields": {
        "rating": 9,
        "updated": "2014-08-31T08:20:53.880Z",
        "added": "2014-08-31T08:20:53.868Z",
        "is_deleted": false,
        "text": "Hi, this is my review",
        "object_id": 1,
        "content_type": ["api", "project"],
        "owner": 4
    },
    "model": "api.review",
    "pk": 1
},
{
    "fields": {
        "rating": 7,
        "updated": "2014-08-31T08:20:53.880Z",
        "added": "2014-08-31T08:20:53.868Z",
        "is_deleted": false,
        "text": "Hi, this reviews project 1 by user 3",
        "object_id": 1,
        "content_type": ["api", "project"],
        "owner": 3
    },
    "model": "api.review",
    "pk": 2
},
{
    "fields": {
        "updated": "2014-07-30T08:35:47.573Z",
        "added": "2014-07-07T14:34:35.620Z",
        "description": "# Curriculum\r\n\r\nIn this project we'll learn how to fly a Super Star Destroyer. We'll have both theoretical and practical lessons on a Super Star Destroyer Mark XCVIII.\r\n\r\nThis is **by far** the *greatest* lesson _**evah**_!\r\n\r\n#### First lesson\r\n\r\ngoing all out.\r\n\r\n#### Second lesson\r\n\r\n1. Assembling the SSD101 crew\r\n2. Getting a spare engine (not issued by default with every SSD, but trust me, you want this).\r\n\r\n#### Third lesson\r\n\r\nKilling rebel scum.\r\n\r\n<a href=\"http://google.com\">Code injection</a>",
        "title": "Super Star Destroyer 101",
        "card_image": "http://placekitten.com/230/230",
        "banner_image": "http://placekitten.com/1000/300",
        "owner": 2
    },
    "model": "api.classroom",
    "pk": 1
},
{
    "fields": {
        "updated": "2014-07-07T14:35:19.955Z",
        "added": "2014-07-07T14:35:19.955Z",
        "description": "",
        "title": "Super Star Destroyer 102",
        "card_image": "http://placekitten.com/1024/768",
        "banner_image": "http://placekitten.com/1024/768",
        "owner": 2
    },
    "model": "api.classroom",
    "pk": 2
},
{
    "fields": {
        "updated": "2014-07-07T23:40:03.174Z",
        "added": "2014-07-07T23:40:03.174Z",
        "description": "Getting rid of rebel scum",
        "title": "Super Star Destroyer 103",
        "card_image": "http://placekitten.com/1024/768",
        "banner_image": "http://placekitten.com/1024/768",
        "owner": 4
    },
    "model": "api.classroom",
    "pk": 3
},
{
    "fields": {
        "updated": "2014-07-08T21:31:54.341Z",
        "added": "2014-07-07T23:40:10.981Z",
        "description": "Getting rid of rebel scum",
        "title": "Super Star Destroyer 103",
        "card_image": "http://placekitten.com/1024/768",
        "banner_image": "http://placekitten.com/1024/768",
        "owner": 4
    },
    "model": "api.classroom",
    "pk": 4
},
{
    "fields": {
        "updated": "2014-07-08T21:31:54.341Z",
        "added": "2014-07-07T23:40:10.981Z",
        "description": "Getting rid of rebel scum",
        "title": "Super Star Destroyer 103 - v2",
        "card_image": "http://placekitten.com/1024/768",
        "banner_image": "http://placekitten.com/1024/768",
        "owner": 2
    },
    "model": "api.classroom",
    "pk": 5
},
{
    "fields": {
        "updated": "2014-07-26T00:01:35.660Z",
        "added": "2014-07-26T00:01:35.660Z",
        "description": "In this project we'll learn how to fly a Super Star Destroyer. We'll have both theoretical and practical lessons on a Super Star Destroyer Mark XCVIII.",
        "title": "Super Star Destroyer 101",
        "card_image": "http://placekitten.com/1024/768",
        "banner_image": "http://placekitten.com/1024/768",
        "owner": 2
    },
    "model": "api.classroom",
    "pk": 6
},
{
    "fields": {
        "updated": "2014-07-26T00:04:05.202Z",
        "added": "2014-07-26T00:04:05.201Z",
        "description": "In this project we'll learn how to fly a Super Star Destroyer. We'll have both theoretical and practical lessons on a Super Star Destroyer Mark XCVIII.",
        "title": "Super Star Destroyer 101",
        "card_image": "http://placekitten.com/1024/768",
        "banner_image": "http://placekitten.com/1024/768",
        "owner": 2
    },
    "model": "api.classroom",
    "pk": 7
},
{
    "fields": {
        "updated": "2014-07-26T00:04:55.866Z",
        "added": "2014-07-26T00:04:55.866Z",
        "description": "In this project we'll learn how to fly a Super Star Destroyer. We'll have both theoretical and practical lessons on a Super Star Destroyer Mark XCVIII.",
        "title": "Super Star Destroyer 101",
        "card_image": "http://placekitten.com/1024/768",
        "banner_image": "http://placekitten.com/1024/768",
        "owner": 2
    },
    "model": "api.classroom",
    "pk": 8
},
{
    "fields": {
        "updated": "2014-07-27T14:25:20.834Z",
        "added": "2014-07-27T14:25:20.834Z",
        "description": "asfasf",
        "title": "teateat",
        "card_image": "",
        "banner_image": "",
        "owner": 2
    },
    "model": "api.classroom",
    "pk": 9
},
{
    "fields": {
        "updated": "2014-07-27T14:28:53.427Z",
        "added": "2014-07-27T14:28:53.426Z",
        "description": "",
        "title": "test",
        "card_image": "",
        "banner_image": "",
        "owner": 2
    },
    "model": "api.classroom",
    "pk": 10
},
{
    "fields": {
        "updated": "2014-07-28T11:34:40.650Z",
        "added": "2014-07-28T11:34:40.650Z",
        "description": "",
        "title": "Project Test",
        "card_image": null,
        "banner_image": null,
        "owner": 2
    },
    "model": "api.classroom",
    "pk": 11
},
{
    "fields": {
        "updated": "2014-07-28T11:39:24.107Z",
        "added": "2014-07-28T11:39:24.106Z",
        "description": "",
        "title": "Test Project",
        "card_image": null,
        "banner_image": null,
        "owner": 2
    },
    "model": "api.classroom",
    "pk": 12
},
{
    "fields": {
        "updated": "2014-07-28T22:02:40.430Z",
        "added": "2014-07-28T22:02:40.430Z",
        "description": "",
        "title": "My new Project",
        "card_image": null,
        "banner_image": null,
        "owner": 2
    },
    "model": "api.classroom",
    "pk": 13
},
{
    "fields": {
        "updated": "2014-07-28T22:13:28.532Z",
        "added": "2014-07-28T22:13:28.532Z",
        "description": "",
        "title": "Test 123",
        "card_image": null,
        "banner_image": null,
        "owner": 2
    },
    "model": "api.classroom",
    "pk": 14
},
{
    "fields": {
        "updated": "2014-07-28T22:13:44.901Z",
        "added": "2014-07-28T22:13:44.901Z",
        "description": "",
        "title": "tetestse",
        "card_image": "",
        "banner_image": "",
        "owner": 2
    },
    "model": "api.classroom",
    "pk": 15
},
{
    "fields": {
        "updated": "2014-07-28T22:14:03.965Z",
        "added": "2014-07-28T22:14:03.964Z",
        "description": "",
        "title": "tewtewewt",
        "card_image": "",
        "banner_image": "",
        "owner": 2
    },
    "model": "api.classroom",
    "pk": 16
},
{
    "fields": {
        "updated": "2014-07-29T23:39:46.352Z",
        "added": "2014-07-29T23:39:46.352Z",
        "description": "",
        "title": "1",
        "card_image": "",
        "banner_image": "",
        "owner": 2
    },
    "model": "api.classroom",
    "pk": 17
},
{
    "fields": {
        "updated": "2014-07-30T08:35:47.573Z",
        "added": "2014-07-07T14:34:35.620Z",
        "description": "# Curriculum\r\n\r\nIn this project we'll learn how to fly a Super Star Destroyer. We'll have both theoretical and practical lessons on a Super Star Destroyer Mark XCVIII.\r\n\r\nThis is **by far** the *greatest* lesson _**evah**_!\r\n\r\n#### First lesson\r\n\r\ngoing all out.\r\n\r\n#### Second lesson\r\n\r\n1. Assembling the SSD101 crew\r\n2. Getting a spare engine (not issued by default with every SSD, but trust me, you want this).\r\n\r\n#### Third lesson\r\n\r\nKilling rebel scum.\r\n\r\n<a href=\"http://google.com\">Code injection</a>",
        "license": "Public Domain",
        "title": "Super Star Destroyer 101",
        "age": "18+",
        "tags": "",
        "owner": 2,
        "difficulty": "hard",
        "card_image": "http://placekitten.com/230/230",
        "banner_image": "http://placekitten.com/1000/300",
        "duration": 45,
        "teacher_additional_resources": "# Curriculum\n\nSee _Empire Fleet Standard Training Vol. XXIV, appendix B, section 37_.\n\n# Prerequisites\n\nThis project is for intermediate Empire Commanders.",
        "teachers_files_list": [
            "{\"url\":\"http://s3.amazonaws.com/ignite-site-dev/uploads/docs/cSIwh9UAQPCc3BobI7pA_pdf-sample.pdf\",\"size\":7945,\"name\":\"pdf-sample-3.pdf\",\"time\":\"2014-08-17T13:42:17.810Z\"}",
            "{\"url\":\"http://s3.amazonaws.com/ignite-site-dev/uploads/docs/cSIwh9UAQPCc3BobI7pA_pdf-sample.pdf\",\"size\":7945,\"name\":\"pdf-sample-3.pdf\",\"time\":\"2014-08-17T13:42:17.810Z\"}",
            "{\"url\":\"http://s3.amazonaws.com/ignite-site-dev/uploads/docs/cSIwh9UAQPCc3BobI7pA_pdf-sample.pdf\",\"size\":7945,\"name\":\"pdf-sample-3.pdf\",\"time\":\"2014-08-17T13:42:17.810Z\"}"
        ],
        "publish_date": "2014-07-30T08:35:47.573Z",
        "publish_mode": "published"
    },
    "model": "api.project",
    "pk": 1
},
{
    "fields": {
        "updated": "2014-07-07T14:35:19.955Z",
        "added": "2014-07-07T14:35:19.955Z",
        "description": "",
        "license": "Public Domain",
        "title": "Super Star Destroyer 102",
        "age": "3+",
        "tags": "",
        "owner": 2,
        "difficulty": "easy",
        "card_image": "http://placekitten.com/1024/768",
        "banner_image": "http://placekitten.com/1024/768",
        "duration": 45,
        "teacher_additional_resources": "",
        "publish_date": "2014-07-07T14:35:19.955Z",
        "publish_mode": "published"
    },
    "model": "api.project",
    "pk": 2
},
{
    "fields": {
        "updated": "2014-07-07T23:40:03.174Z",
        "added": "2014-07-07T23:40:03.174Z",
        "description": "Getting rid of rebel scum",
        "license": "Public Domain",
        "title": "Super Star Destroyer 103",
        "age": "3+",
        "tags": "",
        "owner": 4,
        "difficulty": "easy",
        "card_image": "http://placekitten.com/1024/768",
        "banner_image": "http://placekitten.com/1024/768",
        "duration": 32,
        "teacher_additional_resources": "",
        "publish_date": "2014-07-07T23:40:03.174Z",
        "publish_mode": "published"
    },
    "model": "api.project",
    "pk": 3
},
{
    "fields": {
        "updated": "2014-07-08T21:31:54.341Z",
        "added": "2014-07-07T23:40:10.981Z",
        "description": "Getting rid of rebel scum",
        "license": "Public Domain",
        "title": "Super Star Destroyer 103",
        "age": "3+",
        "tags": "",
        "owner": 4,
        "difficulty": "easy",
        "card_image": "http://placekitten.com/1024/768",
        "banner_image": "http://placekitten.com/1024/768",
        "duration": 12,
        "teacher_additional_resources": "",
        "publish_date": "2014-07-08T21:31:54.341Z",
        "publish_mode": "published"
    },
    "model": "api.project",
    "pk": 4
},
{
    "fields": {
        "updated": "2014-07-08T21:31:54.341Z",
        "added": "2014-07-07T23:40:10.981Z",
        "description": "Getting rid of rebel scum",
        "license": "Public Domain",
        "title": "Super Star Destroyer 103 - v2",
        "age": "6+",
        "tags": "",
        "owner": 2,
        "difficulty": "hard",
        "card_image": "http://placekitten.com/1024/768",
        "banner_image": "http://placekitten.com/1024/768",
        "duration": 24,
        "teacher_additional_resources": "",
        "publish_date": null,
        "publish_mode": "edit"
    },
    "model": "api.project",
    "pk": 5
},
{
    "fields": {
        "updated": "2014-07-26T00:01:35.660Z",
        "added": "2014-07-26T00:01:35.660Z",
        "description": "In this project we'll learn how to fly a Super Star Destroyer. We'll have both theoretical and practical lessons on a Super Star Destroyer Mark XCVIII.",
        "license": "CC-BY-SA 3.0",
        "title": "Super Star Destroyer 101",
        "age": "15+",
        "tags": "",
        "owner": 2,
        "difficulty": "intermediate",
        "card_image": "http://placekitten.com/1024/768",
        "banner_image": "http://placekitten.com/1024/768",
        "duration": 45,
        "teacher_additional_resources": "",
        "publish_date": "2014-07-26T00:01:35.660Z",
        "publish_mode": "published"
    },
    "model": "api.project",
    "pk": 6
},
{
    "fields": {
        "updated": "2014-07-26T00:04:05.202Z",
        "added": "2014-07-26T00:04:05.201Z",
        "description": "In this project we'll learn how to fly a Super Star Destroyer. We'll have both theoretical and practical lessons on a Super Star Destroyer Mark XCVIII.",
        "license": "CC-BY-SA 3.0",
        "title": "Super Star Destroyer 101",
        "age": "9+",
        "tags": "",
        "owner": 2,
        "difficulty": "hard",
        "card_image": "http://placekitten.com/1024/768",
        "banner_image": "http://placekitten.com/1024/768",
        "duration": 45,
        "teacher_additional_resources": "",
        "publish_date": "2014-07-26T00:04:05.202Z",
        "publish_mode": "published"
    },
    "model": "api.project",
    "pk": 7
},
{
    "fields": {
        "updated": "2014-07-26T00:04:55.866Z",
        "added": "2014-07-26T00:04:55.866Z",
        "description": "In this project we'll learn how to fly a Super Star Destroyer. We'll have both theoretical and practical lessons on a Super Star Destroyer Mark XCVIII.",
        "license": "CC-BY-SA 3.0",
        "title": "Super Star Destroyer 101",
        "age": "3+",
        "tags": "",
        "owner": 2,
        "difficulty": "hard",
        "card_image": "http://placekitten.com/1024/768",
        "banner_image": "http://placekitten.com/1024/768",
        "duration": 45,
        "teacher_additional_resources": "",
        "publish_date": "2014-07-26T00:04:55.866Z",
        "publish_mode": "published"
    },
    "model": "api.project",
    "pk": 8
},
{
    "fields": {
        "updated": "2014-07-27T14:25:20.834Z",
        "added": "2014-07-27T14:25:20.834Z",
        "description": "asfasf",
        "license": "CC-BY 3.0",
        "title": "teateat",
        "age": "3+",
        "tags": "",
        "owner": 2,
        "difficulty": "easy",
        "card_image": "",
        "banner_image": "",
        "duration": 0,
        "teacher_additional_resources": "",
        "publish_date": null,
        "publish_mode": "edit"
    },
    "model": "api.project",
    "pk": 9
},
{
    "fields": {
        "updated": "2014-07-27T14:28:53.427Z",
        "added": "2014-07-27T14:28:53.426Z",
        "description": "",
        "license": "CC-BY 3.0",
        "title": "test",
        "age": "3+",
        "tags": "",
        "owner": 2,
        "difficulty": "easy",
        "card_image": "",
        "banner_image": "",
        "duration": 0,
        "teacher_additional_resources": "",
        "publish_date": null,
        "publish_mode": "edit",
        "min_publish_date": "2014-08-31T16:00:00.000Z"
    },
    "model": "api.project",
    "pk": 10
},
{
    "fields": {
        "updated": "2014-07-28T11:34:40.650Z",
        "added": "2014-07-28T11:34:40.650Z",
        "description": "",
        "license": "Public Domain",
        "title": "Project Test",
        "age": "3+",
        "tags": "",
        "owner": 2,
        "difficulty": "intermediate",
        "card_image": null,
        "banner_image": null,
        "duration": 0,
        "teacher_additional_resources": "",
        "publish_date": null,
        "publish_mode": "edit"
    },
    "model": "api.project",
    "pk": 11
},
{
    "fields": {
        "updated": "2014-07-28T11:39:24.107Z",
        "added": "2014-07-28T11:39:24.106Z",
        "description": "",
        "license": "CC-BY-NC 3.0",
        "title": "Test Project",
        "age": "3+",
        "tags": "",
        "owner": 2,
        "difficulty": "hard",
        "card_image": null,
        "banner_image": null,
        "duration": 0,
        "teacher_additional_resources": "",
        "publish_date": null,
        "publish_mode": "edit"
    },
    "model": "api.project",
    "pk": 12
},
{
    "fields": {
        "updated": "2014-07-28T22:02:40.430Z",
        "added": "2014-07-28T22:02:40.430Z",
        "description": "",
        "license": "Public Domain",
        "title": "My new Project",
        "age": "3+",
        "tags": "",
        "owner": 2,
        "difficulty": "easy",
        "card_image": null,
        "banner_image": null,
        "duration": 0,
        "teacher_additional_resources": "",
        "publish_date": null,
        "publish_mode": "edit"
    },
    "model": "api.project",
    "pk": 13
},
{
    "fields": {
        "updated": "2014-07-28T22:13:28.532Z",
        "added": "2014-07-28T22:13:28.532Z",
        "description": "",
        "license": "Public Domain",
        "title": "Test 123",
        "age": "3+",
        "tags": "",
        "owner": 2,
        "difficulty": "easy",
        "card_image": null,
        "banner_image": null,
        "duration": 0,
        "teacher_additional_resources": "",
        "publish_date": null,
        "publish_mode": "edit"
    },
    "model": "api.project",
    "pk": 14
},
{
    "fields": {
        "updated": "2014-07-28T22:13:44.901Z",
        "added": "2014-07-28T22:13:44.901Z",
        "description": "",
        "license": "Public Domain",
        "title": "tetestse",
        "age": "3+",
        "tags": "",
        "owner": 2,
        "difficulty": "easy",
        "card_image": "",
        "banner_image": "",
        "duration": 0,
        "teacher_additional_resources": "",
        "publish_date": null,
        "publish_mode": "edit"
    },
    "model": "api.project",
    "pk": 15
},
{
    "fields": {
        "updated": "2014-07-28T22:14:03.965Z",
        "added": "2014-07-28T22:14:03.964Z",
        "description": "",
        "license": "Public Domain",
        "title": "tewtewewt",
        "age": "3+",
        "tags": "",
        "owner": 2,
        "difficulty": "easy",
        "card_image": "",
        "banner_image": "",
        "duration": 0,
        "teacher_additional_resources": "",
        "publish_date": null,
        "publish_mode": "edit"
    },
    "model": "api.project",
    "pk": 16
},
{
    "fields": {
        "updated": "2014-07-29T23:39:46.352Z",
        "added": "2014-07-29T23:39:46.352Z",
        "description": "",
        "license": "Public Domain",
        "title": "1",
        "age": "3+",
        "tags": "",
        "owner": 2,
        "difficulty": "easy",
        "card_image": "",
        "banner_image": "",
        "duration": 0,
        "teacher_additional_resources": "",
        "publish_date": null,
        "publish_mode": "edit",
        "min_publish_date": "2014-07-31T16:00:00.000Z"
    },
    "model": "api.project",
    "pk": 17
},
{
    "fields": {
        "updated": "2014-07-30T08:35:47.573Z",
        "added": "2014-07-07T14:34:35.620Z",
        "description": "# Curriculum\r\nn<a href=\"http://google.com\">Code injection</a>",
        "license": "Public Domain",
        "title": "Super Star Destroyer 1018",
        "age": "18+",
        "tags": "",
        "owner": 2,
        "difficulty": "hard",
        "card_image": "http://placekitten.com/230/230",
        "banner_image": "http://placekitten.com/1000/300",
        "duration": 45,
        "teacher_additional_resources": "# Curriculum\n\nSee _Empire Fleet Standard Training Vol. XXIV, appendix B, section 37_.\n\n# Prerequisites\n\nThis project is for intermediate Empire Commanders.",
        "publish_date": "2014-07-30T08:35:47.573Z",
        "publish_mode": "published",
        "min_publish_date": "2014-07-31T16:00:00.000Z"
    },
    "model": "api.project",
    "pk": 18
},
{
    "fields": {
        "updated": "2014-07-30T08:35:47.573Z",
        "added": "2014-07-07T14:34:35.620Z",
        "description": "# Curriculum\r\nn<a href=\"http://google.com\">Code injection</a>",
        "license": "Public Domain",
        "title": "Super Star Destroyer 301",
        "age": "18+",
        "tags": "",
        "owner": 2,
        "difficulty": "hard",
        "card_image": "http://placekitten.com/230/230",
        "banner_image": "http://placekitten.com/1000/300",
        "duration": 45,
        "teacher_additional_resources": "# Curriculum\n\nSee _Empire Fleet Standard Training Vol. XXIV, appendix B, section 37_.\n\n# Prerequisites\n\nThis project is for intermediate Empire Commanders.",
        "publish_date": "2014-07-30T08:35:47.573Z",
        "publish_mode": "published",
        "min_publish_date": "2014-08-20T00:00:00.000Z"
    },
    "model": "api.project",
    "pk": 19
},
{
    "fields": {
        "updated": "2014-07-30T08:35:47.573Z",
        "added": "2014-07-07T14:34:35.620Z",
        "description": "# Curriculum\r\nn<a href=\"http://google.com\">Code injection</a>",
        "license": "Public Domain",
        "title": "Super Star Destroyer 201",
        "age": "18+",
        "tags": "",
        "owner": 2,
        "difficulty": "hard",
        "card_image": "http://placekitten.com/230/230",
        "banner_image": "http://placekitten.com/1000/300",
        "duration": 45,
        "teacher_additional_resources": "# Curriculum\n\nSee _Empire Fleet Standard Training Vol. XXIV, appendix B, section 37_.\n\n# Prerequisites\n\nThis project is for intermediate Empire Commanders.",
        "publish_date": "2014-07-30T08:35:47.573Z",
        "publish_mode": "published"
    },
    "model": "api.project",
    "pk": 20
},
{
    "fields": {
        "updated": "2014-07-30T08:35:47.573Z",
        "added": "2014-07-07T14:34:35.620Z",
        "description": "# Curriculum\r\na>",
        "license": "Public Domain",
        "title": "Super Star Destroyer 301",
        "age": "18+",
        "tags": "",
        "owner": 2,
        "difficulty": "easy",
        "card_image": "http://placekitten.com/230/230",
        "banner_image": "http://placekitten.com/1000/300",
        "duration": 11,
        "teacher_additional_resources": "# Curriculum\n\nSee _Empire Fleet Standard Training Vol. XXIV, appendix B, section 37_.\n\n# Prerequisites\n\nThis project is for intermediate Empire Commanders.",
        "publish_date": "2014-07-30T08:35:47.573Z",
        "publish_mode": "published"
    },
    "model": "api.project",
    "pk": 21
},
{
    "fields": {
        "updated": "2014-07-30T08:35:47.573Z",
        "added": "2014-07-07T14:34:35.620Z",
        "description": "# Curriculum\r\na>",
        "license": "Public Domain",
        "title": "Other lessons",
        "age": "18+",
        "tags": "",
        "owner": 2,
        "difficulty": "easy",
        "card_image": "http://placekitten.com/230/230",
        "banner_image": "http://placekitten.com/1000/300",
        "teachers_files_list": [
            "{\"url\":\"http://s3.amazonaws.com/ignite-site-dev/uploads/docs/cSIwh9UAQPCc3BobI7pA_pdf-sample.pdf\",\"size\":7945,\"name\":\"pdf-sample-3.pdf\",\"time\":\"2014-08-17T13:42:17.810Z\"}",
            "{\"url\":\"http://s3.amazonaws.com/ignite-site-dev/uploads/docs/cSIwh9UAQPCc3BobI7pA_pdf-sample.pdf\",\"size\":7945,\"name\":\"pdf-sample-3.pdf\",\"time\":\"2014-08-17T13:42:17.810Z\"}",
            "{\"url\":\"http://s3.amazonaws.com/ignite-site-dev/uploads/docs/cSIwh9UAQPCc3BobI7pA_pdf-sample.pdf\",\"size\":7945,\"name\":\"pdf-sample-3.pdf\",\"time\":\"2014-08-17T13:42:17.810Z\"}"
        ],
        "duration": 11,
        "teacher_additional_resources": "# Curriculum\n\nSee _Empire Fleet Standard Training Vol. XXIV, appendix B, section 37_.\n\n# Prerequisites\n\nThis project is for intermediate Empire Commanders.",
        "publish_date": null,
        "publish_mode": "edit",
        "min_publish_date": "2014-10-01T00:00:00.000Z"
    },
    "model": "api.project",
    "pk": 22
},
{
    "fields": {
        "updated": "2014-07-30T08:35:47.573Z",
        "added": "2014-07-07T14:34:35.620Z",
        "description": "# Curriculum\r\na>",
        "license": "Public Domain",
        "title": "Other lessons #2",
        "age": "18+",
        "tags": "",
        "owner": 4,
        "difficulty": "easy",
        "card_image": "http://placekitten.com/230/230",
        "banner_image": "http://placekitten.com/1000/300",
        "duration": 11,
        "teacher_additional_resources": "# Curriculum\n\nSee _Empire Fleet Standard Training Vol. XXIV, appendix B, section 37_.\n\n# Prerequisites\n\nThis project is for intermediate Empire Commanders.",
        "publish_date": "2014-07-30T08:35:47.573Z",
        "publish_mode": "published"
    },
    "model": "api.project",
    "pk": 23
},
{
    "fields": {
        "updated": "2014-07-30T08:35:47.573Z",
        "added": "2014-07-07T14:34:35.620Z",
        "description": "# Curriculum\r\na>",
        "license": "Public Domain",
        "title": "Other lessons #2",
        "age": "18+",
        "tags": "",
        "owner": 4,
        "difficulty": "easy",
        "card_image": "http://placekitten.com/230/230",
        "banner_image": "http://placekitten.com/1000/300",
        "duration": 11,
        "lock": 1,
        "teacher_additional_resources": "# Curriculum\n\nSee _Empire Fleet Standard Training Vol. XXIV, appendix B, section 37_.\n\n# Prerequisites\n\nThis project is for intermediate Empire Commanders.",
        "publish_date": "2014-07-30T08:35:47.573Z",
        "publish_mode": "published"
    },
    "model": "api.project",
    "pk": 24
},
{
    "fields": {
        "updated": "2014-07-30T08:35:47.573Z",
        "added": "2014-07-07T14:34:35.620Z",
        "description": "# Curriculum\r\na>",
        "license": "Public Domain",
        "title": "Other lessons #2",
        "age": "18+",
        "tags": "",
        "owner": 4,
        "lock": 1,
        "difficulty": "easy",
        "card_image": "http://placekitten.com/230/230",
        "banner_image": "http://placekitten.com/1000/300",
        "duration": 11,
        "teacher_additional_resources": "# Curriculum\n\nSee _Empire Fleet Standard Training Vol. XXIV, appendix B, section 37_.\n\n# Prerequisites\n\nThis project is for intermediate Empire Commanders.",
        "publish_date": "2014-07-30T08:35:47.573Z",
        "publish_mode": "published"
    },
    "model": "api.project",
    "pk": 25
},
{
    "fields": {
        "updated": "2014-07-30T08:35:47.573Z",
        "added": "2014-07-07T14:34:35.620Z",
        "description": "# Curriculum\r\na>",
        "license": "Public Domain",
        "title": "Other lessons #2",
        "age": "18+",
        "tags": "",
        "owner": 4,
        "lock": 1,
        "difficulty": "easy",
        "card_image": "http://placekitten.com/230/230",
        "banner_image": "http://placekitten.com/1000/300",
        "duration": 11,
        "teacher_additional_resources": "# Curriculum\n\nSee _Empire Fleet Standard Training Vol. XXIV, appendix B, section 37_.\n\n# Prerequisites\n\nThis project is for intermediate Empire Commanders.",
        "publish_date": "2014-07-30T08:35:47.573Z",
        "publish_mode": "published"
    },
    "model": "api.project",
    "pk": 26
},
{
    "fields": {
        "updated": "2014-07-08T21:31:54.341Z",
        "added": "2014-07-07T23:40:10.981Z",
        "description": "Getting rid of rebel scum",
        "license": "Public Domain",
        "title": "Super Star Destroyer 103 - Draft Changed!",
        "age": "3+",
        "tags": "",
        "owner": 4,
        "difficulty": "easy",
        "card_image": "http://placekitten.com/1024/768",
        "banner_image": "http://placekitten.com/1024/768",
        "duration": 12,
        "teacher_additional_resources": "",
        "publish_date": "2014-07-08T21:31:54.341Z",
        "publish_mode": "edit",
        "draft_origin": 4
    },
    "model": "api.project",
    "pk": 27
},
{
    "fields": {
        "application": "video",
        "updated": "2014-07-09T11:43:38.801Z",
        "added": "2014-07-05T17:52:25.555Z",
        "application_blob": "{\"video\":{\"vendor\":\"youtube\",\"id\":\"1234567890a\"}}",
        "title": "Great lesson",
        "order": 1,
        "project": 3,
        "duration": 15
    },
    "model": "api.lesson",
    "pk": 1
},
{
    "fields": {
        "application": "video",
        "updated": "2014-07-05T17:56:24.748Z",
        "added": "2014-07-05T17:56:07.740Z",
        "application_blob": "{\"video\":{\"vendor\":\"youtube\",\"id\":\"1234567890b\"}}",
        "title": "2",
        "order": 0,
        "project": 23,
        "duration": 10
    },
    "model": "api.lesson",
    "pk": 2
},
{
    "fields": {
        "application": "video",
        "updated": "2014-07-28T14:56:08.899Z",
        "added": "2014-07-05T17:56:12.062Z",
        "application_blob": "{\"video\":{\"vendor\":\"youtube\",\"id\":\"1234567890c\"}}",
        "title": "Spacecraft Engines Mechanics",
        "order": 2,
        "project": 1,
        "duration": 15
    },
    "model": "api.lesson",
    "pk": 3
},
{
    "fields": {
        "application": "video",
        "updated": "2014-07-09T12:15:18.312Z",
        "added": "2014-07-09T12:15:18.311Z",
        "application_blob": "{\"video\":{\"vendor\":\"youtube\",\"id\":\"1234567890d\"}}",
        "title": "New Lesson",
        "order": 0,
        "project": 22,
        "duration": 40
    },
    "model": "api.lesson",
    "pk": 4
},
{
    "fields": {
        "application": "video",
        "updated": "2014-07-09T12:24:39.349Z",
        "added": "2014-07-09T12:24:39.349Z",
        "application_blob": "{\"video\":{\"vendor\":\"youtube\",\"id\":\"1234567890e\"}}",
        "title": "Newer Lesson",
        "order": 1,
        "project": 22,
        "duration": 10
    },
    "model": "api.lesson",
    "pk": 5
},
{
    "fields": {
        "application": "video",
        "updated": "2014-07-09T12:24:59.597Z",
        "added": "2014-07-09T12:24:59.597Z",
        "application_blob": "{\"video\":{\"vendor\":\"youtube\",\"id\":\"1234567890f\"}}",
        "title": "Newer Lesson",
        "order": 2,
        "project": 22,
        "duration": 20
    },
    "model": "api.lesson",
    "pk": 6
},
{
    "fields": {
        "application": "video",
        "updated": "2014-07-09T12:25:36.688Z",
        "added": "2014-07-09T12:25:36.688Z",
        "application_blob": "{\"video\":{\"vendor\":\"youtube\",\"id\":\"1234567890a\"}}",
        "title": "Newer Lesson",
        "order": 3,
        "project": 22,
        "duration": 30
    },
    "model": "api.lesson",
    "pk": 7
},
{
    "fields": {
        "application": "video",
        "updated": "2014-07-09T12:26:30.067Z",
        "added": "2014-07-09T12:26:30.067Z",
        "application_blob": "{}",
        "title": "Newer Lesson",
        "order": 2,
        "project": 6,
        "duration": 10
    },
    "model": "api.lesson",
    "pk": 8
},
{
    "fields": {
        "application": "video",
        "updated": "2014-07-28T14:55:03.392Z",
        "added": "2014-07-09T12:27:03.807Z",
        "application_blob": "{\"video\":{\"vendor\":\"youtube\",\"id\":\"1234567890a\"}}",
        "title": "Interstellar Navigation",
        "order": 0,
        "project": 1,
        "duration": 20
    },
    "model": "api.lesson",
    "pk": 9
},
{
    "fields": {
        "application": "video",
        "updated": "2014-07-09T12:27:48.474Z",
        "added": "2014-07-09T12:27:48.473Z",
        "application_blob": "{\"video\":{\"vendor\":\"youtube\",\"id\":\"1234567890a\"}}",
        "title": "First Lesson",
        "order": 4,
        "project": 22,
        "duration": 40
    },
    "model": "api.lesson",
    "pk": 10
},
{
    "fields": {
        "application": "video",
        "updated": "2014-07-09T12:30:01.162Z",
        "added": "2014-07-09T12:30:01.162Z",
        "application_blob": "{\"video\":{\"vendor\":\"youtube\",\"id\":\"1234567890a\"}}",
        "title": "Really First Lesson",
        "order": 5,
        "project": 22,
        "duration": 60
    },
    "model": "api.lesson",
    "pk": 11
},
{
    "fields": {
        "application": "video",
        "updated": "2014-07-09T12:30:01.162Z",
        "added": "2014-07-09T12:30:01.162Z",
        "application_blob": "{\"video\":{\"vendor\":\"youtube\",\"id\":\"1234567890a\"}}",
        "title": "Really First Lesson - v2",
        "order": 6,
        "project": 22,
        "duration": 30
    },
    "model": "api.lesson",
    "pk": 12
},
{
    "fields": {
        "application": "video",
        "updated": "2014-07-09T12:30:01.162Z",
        "added": "2014-07-09T12:30:01.162Z",
        "application_blob": "{\"video\":{\"vendor\":\"youtube\",\"id\":\"1234567890a\"}}",
        "title": "Really First Lesson - v3 updated",
        "order": 7,
        "project": 22,
        "duration": 30
    },
    "model": "api.lesson",
    "pk": 13
},
{
    "fields": {
        "application": "video",
        "updated": "2014-07-27T13:56:42.180Z",
        "added": "2014-07-27T13:56:42.180Z",
        "application_blob": "{}",
        "title": "Hello lesson",
        "order": 8,
        "project": 22,
        "duration": 0
    },
    "model": "api.lesson",
    "pk": 14
},
{
    "fields": {
        "application": "video",
        "updated": "2014-07-27T14:28:35.975Z",
        "added": "2014-07-27T14:28:35.975Z",
        "application_blob": "{}",
        "title": "Hello lesson",
        "order": 9,
        "project": 22,
        "duration": 0
    },
    "model": "api.lesson",
    "pk": 15
},
{
    "fields": {
        "application": "123dcircuits",
        "updated": "2014-07-28T11:14:41.639Z",
        "added": "2014-07-28T11:14:41.639Z",
        "application_blob": "{\"startCircuitId\":9876}",
        "title": "Test New Lesson",
        "order": 10,
        "project": 22,
        "duration": 0
    },
    "model": "api.lesson",
    "pk": 16
},
{
    "fields": {
        "application": "123dcircuits",
        "updated": "2014-07-28T11:39:10.360Z",
        "added": "2014-07-28T11:39:10.360Z",
        "application_blob": "{\"startCircuitId\":9876,\"test\":321,\"version\":\"2.7.8\",\"language\":\"python\",\"year\":2014}",
        "title": "Test Lesson",
        "order": 11,
        "project": 22,
        "duration": 0
    },
    "model": "api.lesson",
    "pk": 17
},
{
    "fields": {
        "application": "123dcircuits",
        "updated": "2014-07-28T11:40:06.211Z",
        "added": "2014-07-28T11:40:06.210Z",
        "application_blob": "{\"startCircuitId\":9876}",
        "title": "Test Lesson",
        "order": 12,
        "project": 22,
        "duration": 0
    },
    "model": "api.lesson",
    "pk": 18
},
{
    "fields": {
        "application": "123dcircuits",
        "updated": "2014-07-28T14:24:44.350Z",
        "added": "2014-07-28T14:24:44.349Z",
        "application_blob": "{\"startCircuitId\":9876,\"test\":321,\"version\":\"2.7.8\",\"language\":\"python\",\"year\":2014}",
        "title": "test lesson",
        "order": 13,
        "project": 22,
        "duration": 0
    },
    "model": "api.lesson",
    "pk": 19
},
{
    "fields": {
        "application": "123dcircuits",
        "updated": "2014-07-28T14:27:40.354Z",
        "added": "2014-07-28T14:27:40.353Z",
        "application_blob": "{\"startCircuitId\":9876}",
        "title": "test 1",
        "order": 14,
        "project": 22,
        "duration": 0
    },
    "model": "api.lesson",
    "pk": 20
},
{
    "fields": {
        "application": "video",
        "updated": "2014-07-28T14:55:36.223Z",
        "added": "2014-07-28T14:55:36.223Z",
        "application_blob": "{\"video\":{\"vendor\":\"youtube\",\"id\":\"1234567890a\"}}",
        "title": "The Super Start Destroyer Crew",
        "order": 1,
        "project": 1,
        "duration": 30
    },
    "model": "api.lesson",
    "pk": 21
},
{
    "fields": {
        "application": "video",
        "updated": "2014-07-28T14:56:45.646Z",
        "added": "2014-07-28T14:56:45.646Z",
        "application_blob": "{\"video\":{\"vendor\":\"youtube\",\"id\":\"1234567890a\"}}",
        "title": "Rebel Combat History",
        "order": 3,
        "project": 1,
        "duration": 20
    },
    "model": "api.lesson",
    "pk": 22
},
{
    "fields": {
        "application": "tinkercad",
        "updated": "2014-07-28T16:44:59.974Z",
        "added": "2014-07-28T16:44:59.973Z",
        "application_blob": "{}",
        "title": "sdfasfd",
        "order": 15,
        "project": 22,
        "duration": 0
    },
    "model": "api.lesson",
    "pk": 23
},
{
    "fields": {
        "application": "tinkercad",
        "updated": "2014-07-28T16:46:31.950Z",
        "added": "2014-07-28T16:46:31.950Z",
        "application_blob": "{}",
        "title": "Test",
        "order": 16,
        "project": 22,
        "duration": 0
    },
    "model": "api.lesson",
    "pk": 24
},
{
    "fields": {
        "application": "123dcircuits",
        "updated": "2014-07-28T17:06:43.701Z",
        "added": "2014-07-28T17:06:43.701Z",
        "application_blob": "{\"startCircuitId\":9876}",
        "title": "asfddsaf",
        "order": 17,
        "project": 22,
        "duration": 0
    },
    "model": "api.lesson",
    "pk": 25
},
{
    "fields": {
        "application": "video",
        "updated": "2014-07-28T23:00:42.597Z",
        "added": "2014-07-28T23:00:42.597Z",
        "application_blob": "{}",
        "title": "Test Lesson",
        "order": 18,
        "project": 22,
        "duration": 0
    },
    "model": "api.lesson",
    "pk": 26
},
{
    "fields": {
        "application": "video",
        "updated": "2014-07-28T23:01:26.815Z",
        "added": "2014-07-28T23:01:26.814Z",
        "application_blob": "{}",
        "title": "123",
        "order": 19,
        "project": 22,
        "duration": 0
    },
    "model": "api.lesson",
    "pk": 27
},
{
    "fields": {
        "application": "video",
        "updated": "2014-07-28T23:01:52.110Z",
        "added": "2014-07-28T23:01:52.109Z",
        "application_blob": "{}",
        "title": "1234",
        "order": 20,
        "project": 22,
        "duration": 0
    },
    "model": "api.lesson",
    "pk": 28
},
{
    "fields": {
        "application": "video",
        "updated": "2014-07-29T20:36:49.736Z",
        "added": "2014-07-29T20:36:49.735Z",
        "application_blob": "{}",
        "title": "Test Lesson",
        "order": 21,
        "project": 22,
        "duration": 0
    },
    "model": "api.lesson",
    "pk": 29
},
{
    "fields": {
        "application": "video",
        "updated": "2014-07-29T20:38:46.713Z",
        "added": "2014-07-29T20:38:46.713Z",
        "application_blob": "{\"id\": \"1231231\"}",
        "title": "Test",
        "order": 4,
        "project": 1,
        "duration": 0
    },
    "model": "api.lesson",
    "pk": 30
},
{
    "fields": {
        "application": "video",
        "updated": "2014-07-29T21:46:05.401Z",
        "added": "2014-07-29T21:46:05.401Z",
        "application_blob": "{\"video\":{\"vendor\":\"youtube\",\"id\":\"1234567890a\"}}",
        "title": "123",
        "order": 5,
        "project": 1,
        "duration": 0
    },
    "model": "api.lesson",
    "pk": 31
},
{
    "fields": {
        "application": "123dcircuits",
        "updated": "2014-07-29T22:57:59.288Z",
        "added": "2014-07-29T22:57:47.207Z",
        "application_blob": "{\"startCircuitId\":9876}",
        "title": "Test 111",
        "order": 22,
        "project": 22,
        "duration": 0
    },
    "model": "api.lesson",
    "pk": 32
},
{
    "fields": {
        "application": "123dcircuits",
        "updated": "2014-07-29T22:58:49.209Z",
        "added": "2014-07-29T22:58:41.407Z",
        "application_blob": "{\"startCircuitId\":9876}",
        "title": "tttt",
        "order": 23,
        "project": 22,
        "duration": 80
    },
    "model": "api.lesson",
    "pk": 33
},
{
    "fields": {
        "application": "tinkercad",
        "updated": "2014-07-29T23:39:40.139Z",
        "added": "2014-07-29T23:39:40.138Z",
        "application_blob": "{}",
        "title": "asdf",
        "order": 24,
        "project": 22,
        "duration": 0
    },
    "model": "api.lesson",
    "pk": 34
},
{
    "fields": {
        "application": "123dcircuits",
        "updated": "2014-07-29T23:59:46.328Z",
        "added": "2014-07-29T23:59:46.327Z",
        "application_blob": "{\"startCircuitId\":9876,\"id\": \"1231231\"}",
        "title": "Another Test",
        "order": 6,
        "project": 1,
        "duration": 0
    },
    "model": "api.lesson",
    "pk": 35
},
{
    "fields": {
        "application": "video",
        "updated": "2014-07-30T00:22:09.230Z",
        "added": "2014-07-30T00:22:09.230Z",
        "application_blob": "{\"video\":{\"vendor\":\"youtube\",\"id\":\"1234567890a\"}}",
        "title": "4444",
        "order": 7,
        "project": 1,
        "duration": 0
    },
    "model": "api.lesson",
    "pk": 36
},
{
    "fields": {
        "application": "tinkercad",
        "updated": "2014-07-30T08:26:02.272Z",
        "added": "2014-07-30T08:26:02.272Z",
        "application_blob": "{\"id\": \"1231231\"}",
        "title": "333",
        "order": 8,
        "project": 1,
        "duration": 0
    },
    "model": "api.lesson",
    "pk": 37
},
{
    "fields": {
        "application": "tinkercad",
        "updated": "2014-07-30T08:35:45.262Z",
        "added": "2014-07-30T08:35:45.261Z",
        "application_blob": "{\"id\": \"1231231\"}",
        "title": "3334",
        "order": 9,
        "project": 1,
        "duration": 0
    },
    "model": "api.lesson",
    "pk": 38
},
{
    "fields": {
        "application": "video",
        "updated": "2014-07-28T14:56:08.899Z",
        "added": "2014-07-05T17:56:12.062Z",
        "application_blob": "{}",
        "title": "Spacecraft Engines Mechanics",
        "order": 0,
        "project": 3,
        "duration": 15
    },
    "model": "api.lesson",
    "pk": 39
},
{
    "fields": {
        "application": "video",
        "updated": "2014-07-28T14:56:08.899Z",
        "added": "2014-07-05T17:56:12.062Z",
        "application_blob": "{}",
        "title": "Spacecraft Engines Mechanics",
        "order": 0,
        "project": 4,
        "duration": 15
    },
    "model": "api.lesson",
    "pk": 40
},
{
    "fields": {
        "application": "video",
        "updated": "2014-07-09T11:43:38.801Z",
        "added": "2014-07-05T17:52:25.555Z",
        "application_blob": "{\"video\":{\"vendor\":\"youtube\",\"id\":\"1234567890a\"}}",
        "title": "Great lesson",
        "order": 1,
        "project": 4,
        "duration": 15
    },
    "model": "api.lesson",
    "pk": 41
},
{
    "fields": {
        "application": "video",
        "updated": "2014-07-09T11:43:38.801Z",
        "added": "2014-07-05T17:52:25.555Z",
        "application_blob": "{\"video\":{\"vendor\":\"youtube\",\"id\":\"1234567890a\"}}",
        "title": "Great lesson",
        "order": 0,
        "project": 6,
        "duration": 15
    },
    "model": "api.lesson",
    "pk": 42
},
{
    "fields": {
        "application": "video",
        "updated": "2014-07-28T14:56:08.899Z",
        "added": "2014-07-05T17:56:12.062Z",
        "application_blob": "{}",
        "title": "Spacecraft Engines Mechanics",
        "order": 1,
        "project": 6,
        "duration": 15
    },
    "model": "api.lesson",
    "pk": 43
},
{
    "fields": {
        "application": "video",
        "updated": "2014-07-28T14:55:03.392Z",
        "added": "2014-07-09T12:27:03.807Z",
        "application_blob": "{}",
        "title": "Interstellar Navigation",
        "order": 3,
        "project": 6,
        "duration": 20
    },
    "model": "api.lesson",
    "pk": 44
},
{
    "fields": {
        "application": "video",
        "updated": "2014-07-09T11:43:38.801Z",
        "added": "2014-07-05T17:52:25.555Z",
        "application_blob": "{\"video\":{\"vendor\":\"youtube\",\"id\":\"1234567890a\"}}",
        "title": "Great lesson",
        "order": 0,
        "project": 7,
        "duration": 15
    },
    "model": "api.lesson",
    "pk": 45
},
{
    "fields": {
        "application": "video",
        "updated": "2014-07-28T14:56:08.899Z",
        "added": "2014-07-05T17:56:12.062Z",
        "application_blob": "{}",
        "title": "Spacecraft Engines Mechanics",
        "order": 1,
        "project": 7,
        "duration": 15
    },
    "model": "api.lesson",
    "pk": 46
},
{
    "fields": {
        "application": "video",
        "updated": "2014-07-09T12:26:30.067Z",
        "added": "2014-07-09T12:26:30.067Z",
        "application_blob": "{}",
        "title": "Newer Lesson",
        "order": 2,
        "project": 7,
        "duration": 10
    },
    "model": "api.lesson",
    "pk": 47
},
{
    "fields": {
        "application": "video",
        "updated": "2014-07-28T14:55:03.392Z",
        "added": "2014-07-09T12:27:03.807Z",
        "application_blob": "{}",
        "title": "Interstellar Navigation",
        "order": 3,
        "project": 7,
        "duration": 20
    },
    "model": "api.lesson",
    "pk": 48
},
{
    "fields": {
        "application": "video",
        "updated": "2014-07-09T11:43:38.801Z",
        "added": "2014-07-05T17:52:25.555Z",
        "application_blob": "{\"video\":{\"vendor\":\"youtube\",\"id\":\"1234567890a\"}}",
        "title": "Great lesson",
        "order": 0,
        "project": 8,
        "duration": 15
    },
    "model": "api.lesson",
    "pk": 49
},
{
    "fields": {
        "application": "video",
        "updated": "2014-07-28T14:56:08.899Z",
        "added": "2014-07-05T17:56:12.062Z",
        "application_blob": "{}",
        "title": "Spacecraft Engines Mechanics",
        "order": 1,
        "project": 8,
        "duration": 15
    },
    "model": "api.lesson",
    "pk": 50
},
{
    "fields": {
        "application": "video",
        "updated": "2014-07-09T12:26:30.067Z",
        "added": "2014-07-09T12:26:30.067Z",
        "application_blob": "{}",
        "title": "Newer Lesson",
        "order": 2,
        "project": 8,
        "duration": 10
    },
    "model": "api.lesson",
    "pk": 51
},
{
    "fields": {
        "application": "video",
        "updated": "2014-07-28T14:55:03.392Z",
        "added": "2014-07-09T12:27:03.807Z",
        "application_blob": "{}",
        "title": "Interstellar Navigation",
        "order": 3,
        "project": 8,
        "duration": 20
    },
    "model": "api.lesson",
    "pk": 52
},
{
    "fields": {
        "application": "video",
        "updated": "2015-02-16T22:19:18.499Z",
        "added": "2014-07-05T17:52:25.555Z",
        "application_blob": "{\"video\":{\"vendor\":\"youtube\",\"id\":\"1234567890c\"}}",
        "title": "Great lesson",
        "order": 25,
        "project": 22,
        "duration": 15
    },
    "model": "api.lesson",
    "pk": 55
},
{
    "fields": {
        "application": "video",
        "updated": "2014-07-28T14:56:08.899Z",
        "added": "2014-07-05T17:56:12.062Z",
        "application_blob": "{}",
        "title": "Spacecraft Engines Mechanics - Draft Changed!",
        "order": 0,
        "project": 27,
        "duration": 15,
        "draft_origin": 40
    },
    "model": "api.lesson",
    "pk": 56
},
{
    "fields": {
        "application": "video",
        "updated": "2014-07-09T11:43:38.801Z",
        "added": "2014-07-05T17:52:25.555Z",
        "application_blob": "{\"video\":{\"vendor\":\"youtube\",\"id\":\"1234567890a\"}}",
        "title": "Great lesson",
        "order": 1,
        "project": 27,
        "duration": 15,
        "draft_origin": 41
    },
    "model": "api.lesson",
    "pk": 57
},
{
    "fields": {
        "updated": "2014-08-13T16:25:47.120Z",
        "added": "2014-08-13T16:23:28.423Z",
        "is_completed": true,
        "lesson": 1,
        "project_state": 6
    },
    "model": "api.lessonstate",
    "pk": 1
},
{
    "fields": {
        "updated": "2014-08-13T16:25:47.120Z",
        "added": "2014-08-13T16:23:28.423Z",
        "is_completed": false,
        "lesson": 1,
        "project_state": 11
    },
    "model": "api.lessonstate",
    "pk": 2
},
{
    "fields": {
        "updated": "2014-08-13T16:25:47.120Z",
        "added": "2014-08-13T16:23:28.423Z",
        "is_completed": false,
        "lesson": 1,
        "project_state": 12
    },
    "model": "api.lessonstate",
    "pk": 3
},
{
    "fields": {
        "updated": "2014-08-13T16:25:47.120Z",
        "added": "2014-08-13T16:23:28.423Z",
        "is_completed": false,
        "lesson": 1,
        "project_state": 9
    },
    "model": "api.lessonstate",
    "pk": 4
},
{
    "fields": {
        "updated": "2014-08-13T16:25:47.120Z",
        "added": "2014-08-13T16:23:28.423Z",
        "is_completed": false,
        "lesson": 3,
        "project_state": 10
    },
    "model": "api.lessonstate",
    "pk": 5
},
{
    "fields": {
        "updated": "2014-08-13T16:25:47.120Z",
        "added": "2014-08-13T16:23:28.423Z",
        "is_completed": true,
        "lesson": 3,
        "project_state": 4
    },
    "model": "api.lessonstate",
    "pk": 6
},
{
    "fields": {
        "updated": "2014-08-13T16:25:47.120Z",
        "added": "2014-08-13T16:23:28.423Z",
        "is_completed": false,
        "project": 1,
        "user": 3
    },
    "model": "api.projectstate",
    "pk": 1
},
{
    "fields": {
        "updated": "2014-08-13T16:25:47.120Z",
        "added": "2014-08-13T16:23:28.423Z",
        "is_completed": true,
        "project": 2,
        "user": 3
    },
    "model": "api.projectstate",
    "pk": 2
},
{
    "fields": {
        "updated": "2014-08-13T16:25:47.120Z",
        "added": "2014-08-13T16:23:28.423Z",
        "is_completed": false,
        "project": 1,
        "user": 4
    },
    "model": "api.projectstate",
    "pk": 3
},
{
    "fields": {
        "updated": "2014-08-13T16:25:47.120Z",
        "added": "2014-08-13T16:23:28.423Z",
        "is_completed": false,
        "project": 1,
        "user": 2
    },
    "model": "api.projectstate",
    "pk": 4
},
{
    "fields": {
        "updated": "2014-08-13T16:25:47.120Z",
        "added": "2014-08-13T16:23:28.423Z",
        "is_completed": true,
        "project": 4,
        "user": 2
    },
    "model": "api.projectstate",
    "pk": 5
},
{
    "fields": {
        "updated": "2015-02-18T12:56:09.432Z",
        "added": "2015-02-18T12:56:09.432Z",
        "is_completed": false,
        "project": 3,
        "user": 2
    },
    "model": "api.projectstate",
    "pk": 6
},
{
    "fields": {
        "updated": "2015-02-18T12:56:42.809Z",
        "added": "2015-02-18T12:56:42.809Z",
        "is_completed": false,
        "project": 3,
        "user": 6
    },
    "model": "api.projectstate",
    "pk": 9
},
{
    "fields": {
        "updated": "2015-02-18T12:56:42.815Z",
        "added": "2015-02-18T12:56:42.815Z",
        "is_completed": false,
        "project": 1,
        "user": 6
    },
    "model": "api.projectstate",
    "pk": 10
},
{
    "fields": {
        "updated": "2015-02-18T12:56:42.823Z",
        "added": "2015-02-18T12:56:42.823Z",
        "is_completed": false,
        "project": 3,
        "user": 3
    },
    "model": "api.projectstate",
    "pk": 11
},
{
    "fields": {
        "updated": "2015-02-18T12:56:42.831Z",
        "added": "2015-02-18T12:56:42.830Z",
        "is_completed": false,
        "project": 3,
        "user": 4
    },
    "model": "api.projectstate",
    "pk": 12
},
{
    "fields": {
        "classroom": 2,
        "updated": "2014-08-13T16:25:47.120Z",
        "added": "2014-08-13T16:23:28.423Z",
        "user": 7
    },
    "model": "api.classroomstate",
    "pk": 2
},
{
    "fields": {
        "classroom": 1,
        "updated": "2014-08-13T16:25:47.120Z",
        "added": "2014-08-13T16:23:28.423Z",
        "user": 4
    },
    "model": "api.classroomstate",
    "pk": 3
},
{
    "fields": {
        "classroom": 4,
        "updated": "2014-08-13T16:25:47.120Z",
        "added": "2014-08-13T16:23:28.423Z",
        "user": 6
    },
    "model": "api.classroomstate",
    "pk": 4
},
{
    "fields": {
        "classroom": 4,
        "updated": "2014-08-13T16:25:47.120Z",
        "added": "2014-08-13T16:23:28.423Z",
        "user": 2
    },
    "model": "api.classroomstate",
    "pk": 5
},
{
    "fields": {
        "classroom": 3,
        "updated": "2014-08-13T16:25:47.120Z",
        "added": "2014-08-13T16:23:28.423Z",
        "user": 6
    },
    "model": "api.classroomstate",
    "pk": 6
},
{
    "fields": {
        "classroom": 3,
        "updated": "2014-08-13T16:25:47.120Z",
        "added": "2014-08-13T16:23:28.423Z",
        "user": 5
    },
    "model": "api.classroomstate",
    "pk": 7
},
{
    "fields": {
        "classroom": 6,
        "updated": "2015-01-22T13:51:21.490Z",
        "added": "2015-01-22T13:51:21.490Z",
        "user": 3
    },
    "model": "api.classroomstate",
    "pk": 8
},
{
    "fields": {
        "classroom": 4,
        "updated": "2015-01-22T13:58:39.005Z",
        "added": "2015-01-22T13:58:39.005Z",
        "user": 7
    },
    "model": "api.classroomstate",
    "pk": 9
},
{
    "fields": {
        "owner": 2,
        "updated": "2015-07-13T08:37:14.326Z",
        "added": "2015-07-13T08:37:01.880Z",
        "user": 6
    },
    "model": "api.ownerdelegate",
    "pk": 1
},
{
    "fields": {
        "owner": 2,
        "updated": "2015-07-13T08:37:14.326Z",
        "added": "2015-07-13T08:37:01.880Z",
        "user": 7
    },
    "model": "api.ownerdelegate",
    "pk": 2
},
{
    "fields": {
        "owner": 8,
        "updated": "2015-07-13T08:37:14.326Z",
        "added": "2015-07-13T08:37:01.880Z",
        "user": 7
    },
    "model": "api.ownerdelegate",
    "pk": 3
},
{
    "fields": {
        "updated": "2015-07-13T08:49:57.653Z",
        "added": "2015-07-13T08:49:57.653Z",
        "is_deleted": false,
        "invitee": null,
        "owner": 2,
        "hash": "XJfCgLrk2_NvjLMbBrN1W8Gr356gGqJ9dp8SWZEc",
        "accepted": false,
        "invitee_email": "test2@test.com"
    },
    "model": "api.delegateinvite",
    "pk": 6
},
{
    "fields": {
        "updated": "2015-07-13T08:49:57.655Z",
        "added": "2015-07-13T08:49:57.655Z",
        "is_deleted": false,
        "invitee": null,
        "owner": 2,
        "hash": "WaqZS3-IK5nDep79I5RiwCIyLN1yYGeOre6xLVNV",
        "accepted": false,
        "invitee_email": "test3@test.com"
    },
    "model": "api.delegateinvite",
    "pk": 7
},
{
    "fields": {
        "updated": "2015-07-13T09:01:11.544Z",
        "added": "2015-07-13T09:01:11.544Z",
        "is_deleted": false,
        "invitee": null,
        "owner": 4,
        "hash": "FC4BO9L1NHgsZJadUAp54ztuekvbktmpi1KfAvzt",
        "accepted": false,
        "invitee_email": "test3@test.com"
    },
    "model": "api.delegateinvite",
    "pk": 12
},
{
    "fields": {
        "updated": "2015-07-13T08:49:57.653Z",
        "added": "2015-07-13T08:49:57.653Z",
        "is_deleted": true,
        "invitee": 7,
        "owner": 2,
        "hash": "4batNt2hKkJ1kpA9z2FUvCjvqPeQW4ij6B_KiNHJ",
        "accepted": false,
        "invitee_email": "test1@test.com"
    },
    "model": "api.delegateinvite",
    "pk": 5
},
{
    "fields": {
        "updated": "2015-07-13T08:49:57.655Z",
        "added": "2015-07-13T08:49:57.655Z",
        "is_deleted": true,
        "invitee": 8,
        "owner": 2,
        "hash": "IFUF2xIUAyQwA2R3OdQnsdHoTBc_5NPQdA5yFvnt",
        "accepted": false,
        "invitee_email": "test4@test.com"
    },
    "model": "api.delegateinvite",
    "pk": 8
},
{
    "fields": {
        "updated": "2015-07-13T09:01:11.544Z",
        "added": "2015-07-13T09:01:11.544Z",
        "is_deleted": true,
        "invitee": 7,
        "owner": 2,
        "hash": "VThPhw6QvBv5WN7J4qCPnFFmOL3XIXiwirzSqfzY",
        "accepted": true,
        "invitee_email": "test1@test.com"
    },
    "model": "api.delegateinvite",
    "pk": 9
},
{
    "fields": {
        "updated": "2015-07-13T09:01:11.544Z",
        "added": "2015-07-13T09:01:11.544Z",
        "is_deleted": true,
        "invitee": 7,
        "owner": 4,
        "hash": "f5av3BR7fEUfLNDCardwvSpXMzmq0hrbXVa_M3a5",
        "accepted": false,
        "invitee_email": "test1@test.com"
    },
    "model": "api.delegateinvite",
    "pk": 10
},
{
    "fields": {
        "updated": "2015-07-13T09:01:11.544Z",
        "added": "2015-07-13T09:01:11.544Z",
        "is_deleted": true,
        "invitee": 7,
        "owner": 4,
        "hash": "vpvzY5McVoWhZpmEttaVs264002hDYTD-Qy71Vz7",
        "accepted": true,
        "invitee_email": "test2@test.com"
    },
    "model": "api.delegateinvite",
    "pk": 11
},
{
    "fields": {
        "updated": "2015-01-22T14:04:47.582Z",
        "added": "2015-01-22T15:58:39.009",
        "user": 2,
        "project": 24,
        "permission": "teacher"
    },
    "model": "marketplace.purchase",
    "pk": 1
},
{
    "fields": {
        "updated": "2015-01-22T14:04:47.582Z",
        "added": "2015-01-22T15:58:39.009",
        "user": 2,
        "project": 25,
        "permission": "viewer"
    },
    "model": "marketplace.purchase",
    "pk": 2
},
{
    "fields": {
        "updated": "2015-01-22T14:04:47.582Z",
        "added": "2015-01-22T15:58:39.009",
        "user": 2,
        "project": 26,
        "permission": "teacher"
    },
    "model": "marketplace.purchase",
    "pk": 3
},
{
    "fields": {
        "updated": "2015-01-22T14:04:47.582Z",
        "added": "2015-01-22T15:58:39.009",
        "user": 4,
        "project": 25,
        "permission": "teacher"
    },
    "model": "marketplace.purchase",
    "pk": 4
}
]
